gene,importance,rank
IGHA1,34.26957,1
S100P,30.040718,2
LCN2,26.94307,3
JCHAIN,26.311342,4
CEACAM6,24.91209,5
DPEP1,24.839367,6
PHGR1,23.19157,7
CXCL1,22.476406,8
CEACAM5,22.172077,9
TFF3,21.608675,10
MT1E,21.487164,11
REG1A,20.103231,12
MAL2,19.942953,13
AGR3,19.775288,14
ADH1C,19.753483,15
HMGCS2,18.979336,16
CFD,18.362597,17
PRAP1,18.106102,18
MMP7,17.946932,19
KLF4,17.795883,20
IGKC,17.776884,21
TGFBI,17.589064,22
KRT7,17.412868,23
PIGR,17.05522,24
REG4,16.498026,25
SOX4,16.021542,26
HEPACAM2,15.818048,27
PI3,15.658193,28
SPP1,15.537406,29
TFF1,15.484548,30
ZG16,14.870087,31
IFITM3,14.7855625,32
GPX2,14.673659,33
GPRC5A,14.640181,34
MT1G,14.585714,35
CLDN4,14.5833025,36
LCN15,14.33874,37
KRT17,14.333291,38
IGF2,14.322688,39
CXCL13,14.177108,40
KLK10,14.126805,41
WFDC2,13.735935,42
TM4SF1,13.536881,43
S100A11,13.447142,44
GUCA2A,13.3277855,45
RARRES2,12.994244,46
IGHA2,12.941773,47
CXCL8,12.913403,48
PERP,12.905001,49
TFF2,12.784114,50
S100A6,12.64641,51
IGHG2,12.577702,52
CXCL3,12.409248,53
MGP,12.174179,54
OLFM4,12.1429205,55
HLA-B,12.133623,56
IFI27,12.037901,57
SLPI,12.005023,58
HSPB1,11.771891,59
GDF15,11.759189,60
FCGBP,11.385326,61
KRT18,11.380186,62
AQP5,11.351288,63
FGGY,11.16452,64
SERPINA1,11.153895,65
CTSB,11.041703,66
KRT19,11.039329,67
ADAMDEC1,11.021469,68
GUCA2B,10.830761,69
CCL20,10.826733,70
DUOX2,10.711823,71
C5AR1,10.670973,72
CPE,10.621106,73
CCL3L3,10.550743,74
CA2,10.394376,75
FCN1,10.341428,76
FOSB,10.2767105,77
PRSS23,10.182878,78
FN1,10.155853,79
CXCL2,10.146198,80
SELENOP,10.135425,81
FAM3D,10.113633,82
RGS1,10.0492325,83
MDK,9.904419,84
UBE2C,9.87707,85
TIMP1,9.842383,86
IGFBP2,9.82002,87
CD36,9.752602,88
ALDOA,9.712699,89
IGHG4,9.709379,90
GNLY,9.680658,91
DMBT1,9.665456,92
RPS4Y1,9.638153,93
IER3,9.599681,94
MT1M,9.377213,95
DUSP4,9.362766,96
KRT6B,9.309603,97
TACSTD2,9.217318,98
IGFBP6,9.170271,99
IGFL2,9.074943,100
CTHRC1,8.984369,101
SAA1,8.97683,102
AQP8,8.925209,103
MMP1,8.814242,104
LEFTY1,8.784168,105
MTCO2P12,8.692084,106
CLEC5A,8.616523,107
WFDC1,8.590191,108
CA7,8.588056,109
DSTN,8.560322,110
SOD3,8.489897,111
PPBP,8.458245,112
OLFML2B,8.456561,113
LMNA,8.448949,114
DERL3,8.368551,115
NEAT1,8.331042,116
SPARCL1,8.320903,117
FOLR3,8.2888155,118
CTSL,8.285925,119
CCL18,8.283494,120
RAC1,8.268911,121
PCLAF,8.215966,122
LYZ,8.206991,123
LYVE1,8.20091,124
FHL1,8.021826,125
S100A14,7.981756,126
UGT2B17,7.928516,127
MMP12,7.907441,128
IFI6,7.906121,129
FXYD3,7.861198,130
DCN,7.83213,131
CD177,7.8229995,132
CXCR4,7.6705866,133
ISG15,7.6589317,134
S100A12,7.585355,135
CLDN5,7.5803766,136
APOC1,7.5766077,137
CCL26,7.5591216,138
REG1B,7.515346,139
CA4,7.512025,140
PRRX1,7.504988,141
GAPDH,7.4972687,142
KRT8,7.4845414,143
CPVL,7.4321957,144
DUOXA2,7.418579,145
C19orf33,7.36753,146
PCP4,7.3661575,147
TSPAN8,7.2818046,148
ID3,7.279305,149
CCL2,7.210716,150
RBP1,7.143943,151
A2M,7.124902,152
ETV7,7.074241,153
COL12A1,6.9719157,154
SPINK4,6.966842,155
TSPAN7,6.9434114,156
HLA-DRB5,6.8952794,157
CD24,6.8683767,158
GSTP1,6.836835,159
HLA-DRA,6.805499,160
LYPD8,6.794221,161
TPM2,6.792135,162
HSD17B2,6.7723627,163
IGLC2,6.758183,164
ITLN2,6.756706,165
PLA2G2A,6.7493434,166
GNG11,6.746536,167
TNNT1,6.7326612,168
CCL4L2,6.730679,169
FRZB,6.675672,170
CXCL11,6.6718926,171
CD93,6.642866,172
SERPINH1,6.6411605,173
TM4SF20,6.614586,174
ELF3,6.6068068,175
SULF1,6.60057,176
PYY,6.599129,177
REG3A,6.5791807,178
PLVAP,6.4820895,179
MT1A,6.476767,180
CCL3,6.471367,181
MFAP5,6.4176745,182
TREM2,6.4108424,183
PLAU,6.3867416,184
HBB,6.3766727,185
NDUFA4L2,6.376288,186
DNASE1L3,6.2973084,187
MMP14,6.2931128,188
THY1,6.279582,189
CA1,6.276444,190
EPCAM,6.275325,191
MMP11,6.267422,192
CFP,6.236781,193
TM4SF4,6.226839,194
COL11A1,6.2079425,195
ID2,6.200377,196
DEFA6,6.164587,197
AGR2,6.156342,198
LDHA,6.1237297,199
CLDN3,6.120002,200
CSTB,6.0880237,201
HLA-A,6.0737925,202
AREG,6.038766,203
COL4A5,6.035253,204
SFN,6.0305824,205
ZNF683,6.022691,206
PRSS2,5.9916806,207
COL10A1,5.9750004,208
ARHGDIB,5.972267,209
HSPG2,5.9390683,210
B3GNT7,5.9023623,211
MGST1,5.845088,212
REL,5.822554,213
CXCL5,5.802916,214
PCSK1,5.7904787,215
INSL5,5.789704,216
CXCL9,5.7867885,217
BGN,5.7406564,218
KRT16,5.728913,219
SNAI2,5.69545,220
COL15A1,5.661391,221
CALB1,5.6311626,222
KRTAP3-1,5.609181,223
FTH1,5.596418,224
CAPG,5.595931,225
LGALS2,5.5788555,226
SCN9A,5.5731006,227
PLAC9,5.551625,228
B2M,5.5262165,229
HTRA1,5.460029,230
HCST,5.4548793,231
ANTXR1,5.3791304,232
FYN,5.321405,233
IFI44,5.314815,234
RAB31,5.2988014,235
TMSB4X,5.2959666,236
LILRA2,5.2745905,237
LSP1,5.259222,238
CRIP1,5.2396407,239
CLDN8,5.213511,240
SLC11A1,5.1965647,241
CD48,5.1838813,242
CLIC3,5.1736813,243
FCGR1A,5.168882,244
CLEC10A,5.162773,245
HSPA6,5.145301,246
CLEC4G,5.142834,247
RHOB,5.1309986,248
CHI3L1,5.109959,249
CLCA4,5.088369,250
WNT5A,5.075576,251
SLC16A10,5.0454097,252
FBLN1,5.0019493,253
PHLDA2,5.000034,254
CCN2,4.9771295,255
PDLIM4,4.9746056,256
SDS,4.974156,257
ITGB2,4.9661913,258
FAM107A,4.965231,259
NKX2-2,4.9631014,260
SERPINE1,4.957117,261
STC1,4.9552956,262
LAMA4,4.9527955,263
IGHV5-51,4.951827,264
PTGER4,4.924418,265
MYH7B,4.9072413,266
GADD45B,4.902155,267
CCL19,4.8892393,268
LY6D,4.8854113,269
TRAC,4.875743,270
PAX4,4.8729115,271
EREG,4.8631897,272
MT1X,4.8594933,273
ITGBL1,4.8443785,274
PSCA,4.8318815,275
MYO7A,4.828559,276
PDK4,4.8000927,277
MGAT4A,4.7919874,278
ZBED2,4.785313,279
BCAM,4.7817445,280
FABP4,4.7779946,281
S100A9,4.764262,282
NLRP3,4.7517533,283
THBS2,4.7374706,284
ADH1B,4.7337174,285
PDE6B,4.7309694,286
IGLC3,4.710263,287
CXCL12,4.7070694,288
LILRB5,4.706196,289
CLEC4A,4.6740446,290
SPATA13-AS1,4.673873,291
HIC1,4.6679506,292
TCF21,4.6679316,293
PCSK1N,4.6635065,294
RASSF5,4.654837,295
CST7,4.654026,296
GAP43,4.652439,297
INHBA,4.651452,298
CITED2,4.64477,299
HLA-DQB1,4.643815,300
KLRB1,4.616115,301
SPHK1,4.6010127,302
FSD2,4.5919805,303
NINJ1,4.5781355,304
FABP5,4.571102,305
EFEMP1,4.5568957,306
CYTL1,4.5545626,307
CREM,4.5433264,308
JAM2,4.5267515,309
PRAC1,4.5221205,310
CDH11,4.519791,311
KRT6A,4.5186687,312
TRBC2,4.5104465,313
IGFBP7,4.481653,314
EGR4,4.4776564,315
FTL,4.4705176,316
C5orf66-AS1,4.468147,317
TAGLN,4.445803,318
ANKRD36B,4.440982,319
CD52,4.422138,320
IL26,4.4131336,321
DEFA5,4.4031157,322
TENM1,4.3960385,323
C1QC,4.371879,324
ACTA2,4.3717866,325
THBS1,4.3547745,326
HSPH1,4.353091,327
DIO2,4.3490667,328
KRT86,4.338361,329
SPRR2D,4.3290944,330
FOS,4.3112116,331
TIMP2,4.285609,332
CSF3R,4.2712955,333
CCL21,4.254805,334
CSF2RA,4.2522573,335
COL6A3,4.2330065,336
GSN,4.232279,337
SPINT2,4.2255926,338
ACKR1,4.2243347,339
ESM1,4.2179203,340
KLK12,4.216033,341
ANPEP,4.2110033,342
TYMP,4.201829,343
EPYC,4.192174,344
DPT,4.1797495,345
PTGDR2,4.1789093,346
GLT1D1,4.170557,347
CX3CL1,4.165955,348
GPX1,4.1658883,349
ID1,4.1149416,350
MUC5B,4.111862,351
MT2A,4.0993156,352
HLA-DPB1,4.096033,353
UTS2,4.093627,354
SPRR3,4.082249,355
CYGB,4.0802526,356
CCL5,4.076142,357
RBP7,4.051157,358
CENPC,4.0488462,359
IKZF2,4.039031,360
HEY1,4.037523,361
SEPTIN1,4.022734,362
TCIM,4.0158386,363
COL1A1,4.0078387,364
ADAM19,4.0077834,365
SPI1,4.005526,366
SSR4,3.9924433,367
IFI44L,3.9835818,368
IL2RG,3.9734643,369
MPEG1,3.972302,370
MARCO,3.9533908,371
KIR2DL4,3.952822,372
ANXA2,3.950895,373
FENDRR,3.9490783,374
WNT2,3.9444094,375
PLAUR,3.9306014,376
IL6,3.9219215,377
GZMM,3.9211202,378
CD74,3.9099066,379
IL2RB,3.9067914,380
ADA,3.9003477,381
KCNQ1OT1,3.89728,382
ACTG1,3.8915787,383
HAVCR2,3.8863962,384
FAM153B,3.8790753,385
ALDH1A1,3.8673737,386
MMP19,3.866982,387
HCLS1,3.8472674,388
EGFL6,3.81534,389
SERPINB2,3.812446,390
COTL1,3.8039277,391
AIF1,3.7974632,392
POSTN,3.7696433,393
CST1,3.7678049,394
IGHG3,3.7654045,395
IL1R1,3.7595656,396
ECRG4,3.75318,397
MX2,3.7509325,398
PMAIP1,3.7435732,399
HIGD1B,3.738994,400
H3C3,3.7379131,401
ID4,3.7348325,402
COL4A2,3.7329648,403
CLDN7,3.727974,404
MMP13,3.7219305,405
NTM,3.719504,406
CEBPD,3.7098827,407
CLEC4D,3.7031431,408
PDLIM3,3.702618,409
HLF,3.6989827,410
SARAF,3.693518,411
DOK2,3.6781697,412
MATN3,3.6735744,413
IGHM,3.6649208,414
REP15,3.6567934,415
XCL2,3.6493635,416
CD3E,3.6394873,417
IGF1,3.6371975,418
NOVA1,3.6312273,419
NGFR,3.627004,420
NIBAN1,3.6246564,421
AARSD1,3.6214778,422
TNFRSF1B,3.617647,423
PTN,3.6133351,424
VIM,3.5965457,425
CXCL6,3.5955403,426
RGS16,3.5922039,427
FUT7,3.5867875,428
PDPN,3.5845144,429
SST,3.5845137,430
MFAP4,3.584129,431
ZFP36,3.5735605,432
DUSP2,3.5707972,433
FPR3,3.568277,434
CCDC3,3.5629892,435
SPRR2A,3.5586903,436
OMG,3.552823,437
CXCL17,3.550961,438
EDIL3,3.542539,439
RBMS1,3.5343695,440
COLEC12,3.5277774,441
BIN2,3.5167675,442
MLN,3.510787,443
CHGB,3.5036628,444
SMAP2,3.5008636,445
IL1R2,3.5000942,446
VSTM2A,3.4989908,447
NOTCH4,3.4974551,448
MIAT,3.4932303,449
PAXBP1-AS1,3.4898927,450
TXNIP,3.4854336,451
SGCA,3.4804428,452
CD160,3.470513,453
SCARNA2,3.4681554,454
PRSS1,3.4679163,455
SAT1,3.466945,456
PIK3AP1,3.4642375,457
IGSF21,3.4591434,458
TDO2,3.458639,459
S100A4,3.449721,460
FCER1G,3.4424498,461
TNFSF11,3.4392202,462
IL10RA,3.4345043,463
LY9,3.4332063,464
OXNAD1,3.4280934,465
OTOA,3.4096367,466
RCN3,3.4082763,467
TNFRSF4,3.4039888,468
PDE4A,3.4025586,469
ADAM12,3.3980339,470
IGHV1-24,3.3979084,471
LGALS4,3.3912423,472
HTRA3,3.3794172,473
CPA3,3.3697624,474
HBA2,3.3684127,475
PLD4,3.3647554,476
SLC25A5,3.363529,477
LILRB4,3.360109,478
SOD2,3.3598342,479
IGFBP1,3.3522325,480
GZMB,3.3499649,481
CCL23,3.3461285,482
HOXB2,3.3428855,483
ANKRD55,3.3317137,484
CNR1,3.3314993,485
ANK2,3.3311305,486
FOXF1,3.325181,487
PMP22,3.32227,488
BHLHE40-AS1,3.2930675,489
PDGFRA,3.287624,490
CCDC173,3.2840135,491
DOCK10,3.2809727,492
H4C1,3.2757688,493
SCRG1,3.2728283,494
TSC22D1,3.2694886,495
GEM,3.269344,496
FLT1,3.2683668,497
COMP,3.2663016,498
LITAF,3.2662435,499
IL27,3.264211,500
PKD2L2,3.2637107,501
XAF1,3.2606053,502
TMOD1,3.260159,503
CAV1,3.2593315,504
CORO1A,3.2590919,505
MATN2,3.2555902,506
FAM184B,3.254229,507
CCDC136,3.2420146,508
IL32,3.2366383,509
FHL5,3.2340114,510
PGF,3.232864,511
FCGR3B,3.2307014,512
SPRR1B,3.2241902,513
AHSP,3.2237577,514
SLC2A14,3.2201035,515
TPPP3,3.2170944,516
ATP2B4,3.2144847,517
SPIB,3.2089376,518
SCUBE3,3.205981,519
LINC01082,3.2049615,520
CRLF3,3.2039204,521
SRPX,3.2019117,522
SAMD9L,3.201047,523
FGFBP2,3.199554,524
POU3F1,3.1904597,525
HERPUD1,3.1886392,526
STX11,3.1814942,527
FPR1,3.1717992,528
MALAT1,3.1709027,529
B4GALT1,3.1697679,530
TTTY15,3.1655684,531
SYNPO,3.1650634,532
ITM2A,3.162039,533
PSTPIP1,3.1582472,534
TCL1A,3.1542835,535
HLA-DQA2,3.1505275,536
RBFOX3,3.1386805,537
NPHS1,3.131248,538
IL21R,3.1295857,539
ANGPTL2,3.101461,540
NDUFV2-AS1,3.0978496,541
LILRB2,3.0883298,542
CAVIN2,3.0874577,543
IFIT1,3.086455,544
TUBA1B,3.0776696,545
CILP,3.0723991,546
CCL17,3.061267,547
PTGDS,3.0610306,548
CXorf65,3.0549614,549
OGN,3.0520275,550
MMRN2,3.038959,551
ZAP70,3.0336306,552
PAGE5,3.0315063,553
ADAMTS6,3.0313346,554
CARD11,3.0303016,555
CRADD,3.0265708,556
TGFBR3L,3.02565,557
LAPTM5,3.0245533,558
CUL9,3.020057,559
APOA1,3.0156007,560
CCRL2,3.0077734,561
TRIM22,3.0025837,562
UCP2,2.992294,563
FFAR2,2.9868505,564
PTGS1,2.9846902,565
CXCL10,2.9836683,566
RBM48,2.9807773,567
<class 'str'>-46,2.9784763,568
RNASE2,2.9780755,569
OASL,2.9769847,570
DLL1,2.9768054,571
SAMD15,2.9720755,572
CHRDL2,2.9713228,573
ZNF835,2.9662418,574
GPR84,2.9611273,575
CD248,2.9557524,576
ZNF568,2.9518087,577
IGHV3-53,2.9512305,578
MMP9,2.9500008,579
ASB2,2.9436429,580
IL3RA,2.9433851,581
GRP,2.9414256,582
ECM1,2.9323971,583
TRGV5,2.9316351,584
SCARA5,2.9202726,585
LTC4S,2.9196544,586
PDE7A,2.917036,587
APOBEC3G,2.9169655,588
ZNF75A,2.9139678,589
LTBP4,2.912132,590
COL4A1,2.9071596,591
TNFRSF18,2.9047759,592
RGCC,2.8971305,593
RGS2,2.8908885,594
C2CD4B,2.887726,595
GK,2.8787866,596
CERS4,2.8756852,597
CPM,2.8749719,598
EVI2A,2.868349,599
TLR2,2.8667142,600
GNA15,2.8653033,601
KCNE5,2.8609223,602
PDE4D,2.8584967,603
FBXL22,2.8561769,604
CD6,2.8544967,605
FBN1,2.8467455,606
LUCAT1,2.834859,607
CDK17,2.8333669,608
PLCL2,2.829321,609
FCAR,2.8285546,610
LINC00677,2.8254597,611
SLAMF9,2.8236763,612
GJB2,2.8230948,613
CCDC168,2.8203688,614
ST8SIA4,2.8137395,615
FAM110D,2.813156,616
HMSD,2.8128657,617
CGA,2.8117743,618
GNB5,2.8114774,619
PLCH2,2.8096263,620
MYOT,2.807011,621
FIBIN,2.8017054,622
KRT81,2.79663,623
H2BC13,2.7950861,624
MS4A12,2.7941985,625
RSAD2,2.7901213,626
GREB1,2.7865763,627
APBB1IP,2.7837617,628
MADCAM1,2.78241,629
TREM1,2.7815065,630
LINC00239,2.7809744,631
DUOX1,2.7801838,632
IL18R1,2.7780766,633
FAM166B,2.768834,634
FMNL3,2.7653224,635
ITGA1,2.763009,636
HCAR2,2.751879,637
PI15,2.7516506,638
TMEM244,2.7435784,639
CD68,2.7423885,640
MS4A7,2.740607,641
OTUD6A,2.7361863,642
VMO1,2.7354302,643
GBP4,2.7329862,644
NEXN,2.7309093,645
ABCA6,2.7262857,646
LAIR2,2.7257094,647
GUCY1A1,2.7246594,648
SERPINB7,2.7184966,649
VWF,2.7182713,650
DDIT4,2.7163258,651
TTR,2.7155008,652
GNG13,2.7102458,653
COX4I2,2.7098267,654
S1PR1,2.70874,655
ABI3,2.7027833,656
BMP5,2.698361,657
CD38,2.6974747,658
ENTPD1,2.6951354,659
MAF,2.6876516,660
VCAM1,2.686532,661
CD7,2.68582,662
LGI4,2.6856124,663
IL9R,2.6855187,664
SERPINB3,2.6823728,665
NRXN1,2.6773837,666
CALB2,2.6736984,667
CLECL1,2.6726036,668
C16orf89,2.6718602,669
IFNB1,2.6636903,670
RASSF2,2.654923,671
SERPINF1,2.6455371,672
PAPOLB,2.6419435,673
BIRC3,2.6415567,674
ZFP36L2,2.6398213,675
MPHOSPH9,2.6371748,676
ZNF567,2.6368573,677
ADA2,2.6358557,678
RHOH,2.6345422,679
NAMPT,2.631511,680
CCL4,2.6312423,681
DNAJB1,2.6279128,682
LINC01480,2.6268759,683
MTMR9,2.6260128,684
NUPR1,2.621683,685
VCPKMT,2.6203682,686
NR4A2,2.6198134,687
KIT,2.6127112,688
HLA-DMA,2.606687,689
MT1H,2.603604,690
GPR27,2.6005232,691
ZNF365,2.5971782,692
ITPR1,2.5965257,693
SIGLEC10,2.5952857,694
IGFBP3,2.5940394,695
SCML4,2.592214,696
EDN1,2.5860238,697
FCGR2A,2.5846055,698
DDX60L,2.5802984,699
CTSD,2.579243,700
TRIM39,2.5597239,701
IKZF1,2.5566802,702
SYNGR1,2.5463433,703
RUNX3,2.5455878,704
CCL22,2.5449436,705
TRAV36DV7,2.5417647,706
PPP1R14A,2.5415716,707
CTSW,2.541241,708
CLEC7A,2.5350137,709
IGLV3-10,2.5326326,710
CLCA1,2.5269973,711
DBH-AS1,2.5258777,712
CTSK,2.5244534,713
HERC5,2.516138,714
LCN6,2.515089,715
IL17A,2.5137904,716
METTL8,2.5134802,717
RAPGEF6,2.5132043,718
ACSL1,2.5124757,719
DTHD1,2.5113552,720
CD28,2.5056589,721
PHEX,2.5053263,722
SELE,2.5033805,723
VASN,2.4997323,724
TBX2,2.4967585,725
MMP3,2.496421,726
HASPIN,2.4937499,727
ZNF589,2.4843802,728
LOXL2,2.4758928,729
COL21A1,2.470064,730
GNGT2,2.4684649,731
PCBP3,2.4672542,732
F13A1,2.4504614,733
MAN1C1,2.449887,734
PELATON,2.4484243,735
CARMIL2,2.4475858,736
ESAM,2.4469743,737
LINC01483,2.4448,738
JUNB,2.442941,739
GZMH,2.4414003,740
MATK,2.4412942,741
SNX20,2.440599,742
LEPROTL1,2.4391608,743
TIE1,2.4391372,744
EMP1,2.4389086,745
ISLR,2.435038,746
INPP5D,2.434387,747
LPL,2.4335392,748
IFI30,2.4321594,749
RNASE1,2.4281025,750
PTGIR,2.425941,751
HCAR3,2.4252684,752
PTGDR,2.4131572,753
TP73-AS1,2.4129007,754
CD53,2.3985145,755
MEFV,2.3971741,756
SUSD3,2.3914967,757
FGL2,2.3895283,758
TMEM176B,2.3849204,759
C21orf91,2.3848965,760
CLEC4C,2.3836129,761
CLU,2.3832862,762
IGLC7,2.382713,763
RGS5,2.380162,764
NCF2,2.375604,765
VCAN,2.3717902,766
LYPD3,2.3714695,767
RGS9,2.3702264,768
CHL1,2.3643131,769
DPF3,2.3633327,770
ICOS,2.3579526,771
CD5,2.3551998,772
SLFNL1,2.3523686,773
DKK3,2.3500314,774
SLC25A18,2.3470855,775
NKX2-3,2.346035,776
IGHV1-3,2.3454645,777
DNAJA4,2.34408,778
DPEP2,2.3408923,779
HACD4,2.340643,780
CALHM6,2.3395994,781
HMGB2,2.3349495,782
GZMK,2.3325846,783
FASLG,2.332226,784
TNFSF8,2.3307712,785
IGLV2-23,2.3251767,786
NEGR1,2.3204138,787
RUNX2,2.3190424,788
DDX3Y,2.3167565,789
ROBO4,2.315716,790
FSTL1,2.3154962,791
TCAF2,2.3135986,792
STAP1,2.3096397,793
H4C4,2.302823,794
CYTIP,2.297763,795
HSPB6,2.2962365,796
RCSD1,2.2939248,797
SLITRK6,2.290734,798
ACOD1,2.2884102,799
RAC2,2.2875807,800
ITGAX,2.287185,801
ZNF879,2.286609,802
NRG2,2.2857637,803
IGKV6D-21,2.2847643,804
IGFL3,2.2826197,805
MUCL1,2.2752476,806
ZNF134,2.2750764,807
CTAG2,2.2737496,808
SLC9A9,2.272442,809
LDLRAD4,2.270422,810
COL6A2,2.2654738,811
FCRL2,2.2644384,812
SSTR2,2.2627628,813
SYNM,2.2604935,814
PLCXD2,2.2604318,815
IL17F,2.259014,816
KRT20,2.2495775,817
PPM1M,2.2491848,818
PLAAT4,2.2439477,819
GZMA,2.243356,820
FGF9,2.2415147,821
TTC34,2.2402802,822
ILDR2,2.2402513,823
CDKN2C,2.239997,824
IL27RA,2.2392964,825
TRAV6,2.238842,826
IL36G,2.2372317,827
PDGFD,2.2362728,828
ZNF230,2.2350123,829
ZNF578,2.2348073,830
ARHGEF6,2.2329292,831
PTTG1,2.2286723,832
SELPLG,2.2281144,833
TNFAIP2,2.2264786,834
ZNF80,2.2261922,835
NINJ2,2.2234778,836
CNTN2,2.217233,837
ALKAL2,2.2167017,838
HEATR9,2.21656,839
RHEX,2.2155259,840
TENT5C,2.213575,841
COL5A1,2.21247,842
KCTD21-AS1,2.2086425,843
MANEA-DT,2.2085938,844
CHGA,2.205099,845
ADGRF3,2.2017848,846
CD79B,2.2006595,847
SPINK1,2.1998198,848
TSPYL2,2.1991997,849
ZNF880,2.1934752,850
DKK2,2.1889734,851
C3,2.187325,852
CMTM2,2.1869454,853
AQP1,2.185525,854
MARCHF1,2.185139,855
ATP1B2,2.1821516,856
CD209,2.1807551,857
P2RY14,2.1776285,858
FST,2.1767375,859
CALCB,2.1765175,860
MSN,2.174495,861
TNFSF4,2.1735566,862
DLL4,2.1709478,863
SLFN11,2.1687636,864
JAK3,2.162524,865
RPL34-DT,2.161576,866
IL18BP,2.1575694,867
SLC32A1,2.1566238,868
LEAP2,2.1563437,869
UGT1A10,2.1549063,870
LBP,2.1545377,871
CD79A,2.1526103,872
APLN,2.1518364,873
CD9,2.1503985,874
IL1RN,2.149438,875
DACT3-AS1,2.1426382,876
PACSIN1,2.142567,877
CLEC3B,2.1376975,878
ACAN,2.1374946,879
MSC,2.1335135,880
GNG8,2.1311502,881
DIRAS3,2.1276257,882
PLP1,2.127432,883
COX7A1,2.124721,884
LINC01623,2.1230316,885
IGKV1-6,2.1216311,886
LIPN,2.1179352,887
TAC3,2.115588,888
NPC2,2.114071,889
PRDM8,2.1128514,890
FAM162B,2.1113873,891
EMCN,2.1112053,892
HCG20,2.1070976,893
MMP23B,2.1065867,894
NPTX1,2.1037486,895
CCL11,2.101637,896
SFRP2,2.1013675,897
PLCB2,2.1009607,898
SERPINB4,2.0959508,899
CARD17,2.0911286,900
SRGAP3,2.088871,901
RILPL2,2.08835,902
IL11,2.087855,903
KLF6,2.0843644,904
ACTG2,2.0835478,905
LTB,2.083387,906
ADTRP,2.0833268,907
IL22,2.0814228,908
PRR9,2.0807176,909
BTBD11,2.0794337,910
ZNF252P-AS1,2.077987,911
GABARAPL1,2.0748286,912
ARL14EPL,2.0726964,913
PLAC8,2.0705605,914
SPINK6,2.0686283,915
ZNF569,2.0676303,916
TSPAN32,2.067397,917
CCL14,2.0653682,918
HEMGN,2.0649502,919
MCF2L2,2.062787,920
MAFB,2.0620215,921
TRPA1,2.0616744,922
ZNF461,2.0614028,923
MSL2,2.060138,924
INSC,2.0595925,925
GLIPR2,2.0592387,926
IRF1,2.0549893,927
EGR1,2.053071,928
HP,2.0527747,929
RFX3-AS1,2.0525491,930
PRG4,2.0517638,931
LRRC74B,2.0474546,932
TTYH1,2.0450182,933
ZDHHC19,2.0419776,934
CNR2,2.0417337,935
LINC00954,2.0356855,936
MYO1G,2.0353608,937
PTCHD1,2.035033,938
F2R,2.0341387,939
S1PR4,2.0303428,940
SFMBT2,2.0303001,941
KLHDC7B,2.029517,942
LINC01537,2.0282035,943
KRT73,2.0280178,944
GPR55,2.0255723,945
ARRDC5,2.0253541,946
IGKV2-24,2.0251317,947
IGLV7-46,2.0222495,948
LINC00461,2.017036,949
ZNF582,2.0134537,950
PTCRA,2.0111587,951
ARHGAP4,2.0108695,952
GAS7,2.0102534,953
ZFR2,2.0095005,954
APOBEC3H,2.0080662,955
PTPN7,2.0064704,956
PLXNA4,2.0061903,957
F3,2.0057144,958
SPART,2.0044837,959
PAEP,1.9997425,960
KIF5A,1.9980443,961
CCL8,1.9949259,962
UTY,1.9904983,963
CD63,1.9885399,964
FAM184A,1.9858474,965
SLFN5,1.985151,966
PTGIS,1.9810282,967
CNTRL,1.9796205,968
STEAP4,1.978457,969
GPR75,1.9782059,970
CDC20B,1.9763123,971
APOLD1,1.9763079,972
DOCK3,1.9726765,973
IRGM,1.9721689,974
NUSAP1,1.9704148,975
LDB2,1.9679978,976
LEF1,1.9606911,977
CCDC80,1.9573067,978
HSPA1B,1.9569045,979
LGALS1,1.9564756,980
TKTL1,1.9547302,981
GBP1,1.9532665,982
ADCYAP1,1.9526895,983
CXCR5,1.9516166,984
SNAPC1,1.9493804,985
FBLN2,1.9475267,986
TMSB15B,1.947155,987
TPSB2,1.9452424,988
SYTL3,1.9450496,989
TTN,1.9409356,990
ARHGAP15,1.9388965,991
GIMAP2,1.9378653,992
FNDC1,1.9371529,993
GPX3,1.9365914,994
EDNRB,1.9357356,995
KMO,1.934037,996
MAGEH1,1.9317424,997
RAMP2,1.9307344,998
PFKFB3,1.9307259,999
PRKCQ,1.9267024,1000
MEOX1,1.9265788,1001
PAK3,1.9254729,1002
PYHIN1,1.923083,1003
ITGB7,1.9225745,1004
AGAP2,1.9206682,1005
MX1,1.9200305,1006
CAVIN3,1.9158556,1007
BAG3,1.915168,1008
PAPPA,1.914196,1009
OLIG1,1.9126387,1010
GPR171,1.9126011,1011
MYT1L,1.9121534,1012
SARDH,1.9104749,1013
STAT4,1.9085194,1014
USP35,1.9084438,1015
BFSP2-AS1,1.9075077,1016
ZBTB1,1.9037871,1017
ARHGAP30,1.9025632,1018
KIR3DX1,1.9017352,1019
GLUD2,1.9006805,1020
LYST,1.893868,1021
RBM20,1.8858808,1022
VSTM1,1.8813747,1023
CDC14A,1.8809348,1024
GPSM3,1.8782053,1025
IGHV4-39,1.8769903,1026
RNF125,1.8764993,1027
FAM177B,1.8760916,1028
ZNF331,1.8756427,1029
TCF4,1.8755753,1030
H2AC21,1.8753003,1031
FRRS1L,1.8739321,1032
BDKRB1,1.8717079,1033
CTRL,1.8707535,1034
SEZ6,1.8675909,1035
PTGER2,1.8671432,1036
PRND,1.8671246,1037
TMEFF2,1.8665582,1038
MIR3681HG,1.8663379,1039
EDARADD,1.8662547,1040
PLEKHF1,1.8593879,1041
LINC00402,1.8593222,1042
THEMIS,1.8546548,1043
PLEK,1.8537056,1044
CTNND2,1.8535916,1045
LINC01235,1.8505007,1046
NPPC,1.8474325,1047
FAM25A,1.8447634,1048
H3C7,1.8440744,1049
S100A8,1.8433919,1050
DES,1.8417178,1051
OGFRL1,1.841124,1052
GPS2,1.8402592,1053
PRSS57,1.839694,1054
SIGLEC11,1.8377844,1055
HSPD1,1.8365057,1056
APLNR,1.8357372,1057
LHB,1.8355418,1058
IGLC6,1.8348944,1059
MAP1A,1.8331643,1060
LTF,1.8323423,1061
ZNF304,1.8320494,1062
LCP2,1.8315189,1063
GLP2R,1.8293878,1064
ADIRF,1.8282412,1065
GJA1,1.8264402,1066
ZNF287,1.8249689,1067
CHI3L2,1.8228943,1068
KCTD12,1.8219066,1069
P2RX5-TAX1BP3,1.8200318,1070
SYT6,1.8145154,1071
TMC8,1.8117517,1072
H2AC16,1.8117237,1073
LPAR6,1.8082056,1074
LY96,1.8066685,1075
PDE4B,1.8058199,1076
EMB,1.8045751,1077
ERMN,1.8041934,1078
ACAP1,1.8020198,1079
FOXD3,1.8018562,1080
IGHV2-70,1.8002874,1081
CYP51A1-AS1,1.7985218,1082
LINC00158,1.7984041,1083
DTX3,1.7975984,1084
SOCS1,1.7971091,1085
TMEM156,1.7963535,1086
YPEL4,1.7955104,1087
SLC35F3,1.7920641,1088
SOST,1.7919719,1089
PILRA,1.7907499,1090
MMP10,1.7902242,1091
POLN,1.7898872,1092
FXYD7,1.7898511,1093
TRIM52,1.7892567,1094
SLN,1.7882186,1095
IGLV1-44,1.7830111,1096
LINC00327,1.7781769,1097
ITGA5,1.7779434,1098
DIPK2B,1.7761066,1099
ITPKB,1.7756033,1100
COL3A1,1.7702559,1101
ASMT,1.7696542,1102
ITGA4,1.7682415,1103
CCL7,1.7679058,1104
FBLN7,1.7677517,1105
MAP3K7CL,1.7671678,1106
HIPK1-AS1,1.7670792,1107
CFHR1,1.7654884,1108
TUBD1,1.7639354,1109
SLC4A10,1.7633156,1110
WDR53,1.7595885,1111
JAZF1,1.7556937,1112
LINGO4,1.7555228,1113
KLF9,1.7540039,1114
LOX,1.7526202,1115
FAM156A,1.7517766,1116
IDO1,1.7508565,1117
ADGRL3,1.7501183,1118
MAPK11,1.7464745,1119
ADAMTS4,1.7444587,1120
AIRE,1.7444323,1121
CEACAM7,1.7442349,1122
ZNF583,1.7437574,1123
IL19,1.7433202,1124
MMP2,1.74212,1125
IGSF6,1.7414718,1126
KLF2,1.7404189,1127
GIMAP6,1.7394294,1128
KLHL10,1.7385587,1129
NEUROD1,1.7352175,1130
KLHL14,1.7347699,1131
PDCD1,1.7347583,1132
ABI3BP,1.7321124,1133
H4-16,1.7318134,1134
C19orf84,1.7304407,1135
CD200,1.7297914,1136
SFTPB,1.7279315,1137
PTX3,1.7276598,1138
CD200R1,1.7272545,1139
CRTAC1,1.7261628,1140
FCGR3A,1.7253077,1141
CSRP2,1.7236055,1142
GALR2,1.7224942,1143
LRAT,1.7203962,1144
DIAPH2-AS1,1.717682,1145
MCAM,1.7174609,1146
FAS,1.7173537,1147
VPREB3,1.7170477,1148
DENND4A,1.7146391,1149
ZNF571,1.7145861,1150
SNCA,1.7138684,1151
SLF1,1.7136033,1152
TRIM60,1.7090608,1153
ASPN,1.7071644,1154
GYPC,1.7063287,1155
TTC39C-AS1,1.7048138,1156
C1orf56,1.7012017,1157
DNAAF1,1.7006342,1158
CDC42EP3,1.6994946,1159
SLC4A5,1.694959,1160
HPSE,1.6938034,1161
SSTR3,1.6936011,1162
CDH2,1.6923002,1163
SNHG22,1.691927,1164
PLXDC1,1.6898289,1165
EVC2,1.689802,1166
BMX,1.6883572,1167
ATP1A2,1.6868325,1168
WIPF1,1.6865634,1169
MXRA8,1.6834632,1170
SELL,1.683387,1171
GPR34,1.6833808,1172
GJA4,1.6831348,1173
HMHB1,1.6803302,1174
CLEC9A,1.6800611,1175
CA6,1.6799884,1176
TRAV27,1.6798482,1177
TM4SF19,1.6786737,1178
IGLV1-51,1.6761528,1179
SPOCK2,1.6751778,1180
SRGN,1.6742952,1181
HRH4,1.673636,1182
FAM30A,1.6729962,1183
MYBL1,1.6727544,1184
ITPK1-AS1,1.6670647,1185
FDCSP,1.6647085,1186
RNF144B,1.6631609,1187
PARD6G,1.6626064,1188
IL10,1.6612476,1189
H4C15,1.6588436,1190
KCNH4,1.6573995,1191
CD3G,1.6573782,1192
ITPRIPL1,1.655603,1193
ITLN1,1.6549938,1194
LOXL1,1.6523238,1195
FEZ1,1.651989,1196
IGLV3-21,1.6502932,1197
FXYD1,1.648073,1198
IGKV1-12,1.6480315,1199
RNF19A,1.6458843,1200
DPYD,1.6455115,1201
RXRG,1.6425496,1202
PNRC1,1.6399409,1203
ACTC1,1.638432,1204
SNN,1.6370146,1205
ANGPT2,1.634286,1206
ICAM1,1.6327149,1207
AQP3,1.6312716,1208
HAPLN2,1.6312,1209
TPH1,1.629504,1210
SOCS3,1.6290492,1211
CD3D,1.6284504,1212
GAS1,1.6279925,1213
LRRTM4,1.6274521,1214
IGFBP4,1.6263449,1215
HAND1,1.6255018,1216
LCTL,1.6235874,1217
FNDC9,1.6213243,1218
SH3BGRL3,1.6212648,1219
LCP1,1.618776,1220
TBX21,1.618573,1221
MT1HL1,1.6156162,1222
PKIA,1.6146849,1223
GNG2,1.6143723,1224
GATA2,1.6140822,1225
NELL2,1.6128643,1226
IGLV3-19,1.6115944,1227
TNFRSF8,1.6111882,1228
CADM1,1.610976,1229
GBP5,1.6096388,1230
TRAV4,1.6095281,1231
KLRC3,1.6083341,1232
MEG3,1.6047604,1233
LILRA1,1.6018147,1234
CCR5,1.6005297,1235
TF,1.5995821,1236
EPB42,1.5982672,1237
RASGRP2,1.5975003,1238
FXYD6,1.5952362,1239
IQCN,1.5945978,1240
CES1,1.5943438,1241
CD84,1.592092,1242
KLHL11,1.5920546,1243
AQP9,1.5913928,1244
ANKS1B,1.590574,1245
SBSN,1.588619,1246
SGK1,1.588256,1247
TRAV17,1.5877038,1248
PRKCH,1.5871783,1249
SFRP1,1.5847155,1250
LINC01366,1.5816579,1251
SHC4,1.5811251,1252
PLAAT2,1.5799707,1253
FAM13A-AS1,1.5785658,1254
XCL1,1.5783746,1255
SERPINI1,1.5771271,1256
IGHV3-30,1.5748597,1257
S100A7,1.5732292,1258
AUTS2,1.5710317,1259
IGHV3-7,1.5701046,1260
MZF1-AS1,1.5691769,1261
GPR65,1.5675697,1262
CHODL,1.566489,1263
ULBP3,1.5650353,1264
GCG,1.5648509,1265
CSGALNACT1,1.5642765,1266
STAB1,1.5613503,1267
LAT2,1.5608057,1268
ATP8A1,1.5604049,1269
CCDC141,1.5601525,1270
GIMAP8,1.5600845,1271
HEPHL1,1.5598929,1272
CD1C,1.5562533,1273
RTKN2,1.5524243,1274
KIRREL2,1.5523484,1275
TPSAB1,1.5455005,1276
ARHGEF3,1.5432289,1277
CLEC4E,1.5429252,1278
OPCML,1.5420364,1279
PLEKHH2,1.541863,1280
GDF11,1.541846,1281
LINC-PINT,1.5415081,1282
DGKA,1.5392544,1283
TCP11L2,1.5370432,1284
IRAG2,1.5364683,1285
CST6,1.534225,1286
OTOP3,1.5321597,1287
PHLDA1,1.5316113,1288
BCAN,1.5314099,1289
CRTAM,1.5310359,1290
CHST10,1.5298108,1291
LILRB3,1.5287443,1292
RENBP,1.527314,1293
TRGV2,1.5243567,1294
CLEC14A,1.5241096,1295
LINC00462,1.5237483,1296
LINC00921,1.5231081,1297
AKAP10,1.5201879,1298
ARRDC2,1.5198363,1299
IGKV1-8,1.5194988,1300
COL1A2,1.5185509,1301
GATA3-AS1,1.5176116,1302
SMCHD1,1.5152194,1303
IGLV7-43,1.5133786,1304
AKT3,1.5124538,1305
FOXP3,1.5110594,1306
UPK1A-AS1,1.5109246,1307
NR3C1,1.5106727,1308
ZNF17,1.509676,1309
NIN,1.5070461,1310
PSMA8,1.5010437,1311
STK10,1.4982048,1312
CCDC142,1.4937847,1313
GTSF1L,1.4919333,1314
ACP5,1.489255,1315
GCNT4,1.4881787,1316
KDM2B,1.4876459,1317
TRAV9-2,1.4872545,1318
CBLB,1.4845216,1319
RCAN1,1.4822437,1320
HSP90AA1,1.4813687,1321
IBSP,1.4808728,1322
ZNF790-AS1,1.4796606,1323
CD300E,1.4795684,1324
C17orf78,1.479193,1325
NSMCE3,1.4713517,1326
FCER1A,1.4704968,1327
KIF5C,1.4704403,1328
CTBP1-AS,1.4701035,1329
MICB,1.4700551,1330
AXL,1.4700142,1331
FIGN,1.4685045,1332
B3GAT1,1.4682381,1333
C11orf96,1.4675133,1334
PLN,1.464677,1335
ZFY,1.4618251,1336
JADE1,1.4599264,1337
LINC01229,1.4579121,1338
RIOX1,1.456423,1339
DCT,1.4563763,1340
OR7D2,1.4552463,1341
CNN1,1.4551798,1342
CD274,1.4501293,1343
FCN3,1.4463228,1344
TRG-AS1,1.4450612,1345
LINC01267,1.443884,1346
ZFP57,1.4422914,1347
ZNF382,1.4418377,1348
TLCD3B,1.4416436,1349
COL18A1,1.4408256,1350
THAP2,1.4405444,1351
H3C1,1.4380194,1352
GPR137B,1.4379894,1353
LYL1,1.4366617,1354
LDB3,1.4364171,1355
CDIP1,1.4362551,1356
AIRN,1.4349312,1357
SOX17,1.4338483,1358
ENG,1.4324969,1359
HAPLN1,1.4321113,1360
VEGFD,1.4320999,1361
C14orf178,1.4313092,1362
CTSC,1.4312,1363
NFKBIA,1.4258915,1364
RGSL1,1.4249355,1365
PAPPA2,1.4219204,1366
BISPR,1.4187335,1367
TRBV5-1,1.4150921,1368
CA10,1.4135967,1369
LRRC18,1.4133565,1370
LINC00885,1.4126177,1371
GFRA3,1.4121085,1372
ZNF345,1.4119855,1373
SLIT3,1.4068186,1374
ITGA10,1.4068112,1375
CASS4,1.4067284,1376
HDC,1.4041399,1377
IGLV2-8,1.4037353,1378
GYPE,1.4036084,1379
HPGD,1.4035294,1380
NFKBID,1.4015526,1381
LPXN,1.400035,1382
OTOF,1.3992119,1383
ITGAD,1.3973305,1384
IGLV2-14,1.3967152,1385
PPP2R2B,1.394688,1386
LINC00330,1.3944684,1387
VAMP5,1.3912275,1388
CDK5R1,1.3909934,1389
GPRIN3,1.3882469,1390
C12orf60,1.3859824,1391
TRAV12-3,1.3856583,1392
MMP8,1.385606,1393
IL1B,1.3853644,1394
IL22RA2,1.3843448,1395
RND1,1.3831319,1396
GCNT2,1.3749357,1397
HSPE1,1.3745847,1398
ANKRD35,1.3724806,1399
CAMK4,1.372408,1400
IGHV1-2,1.3723812,1401
CCR4,1.371492,1402
CSTA,1.3683664,1403
CNOT6L,1.3672405,1404
CALCR,1.3669899,1405
ITGAM,1.3666036,1406
LGALS3,1.366317,1407
MIR155HG,1.364807,1408
ATP6V1B1,1.3636218,1409
IGHV3-72,1.3635159,1410
S100A10,1.3629667,1411
APC2,1.3610235,1412
ICAM2,1.3598906,1413
FOXS1,1.3592105,1414
IL21-AS1,1.3581738,1415
SCGB3A1,1.3576574,1416
TAC1,1.3553948,1417
IL2RA,1.3541675,1418
HLA-DMB,1.3533096,1419
EBI3,1.3520694,1420
PIM2,1.3512843,1421
BACH2,1.3504807,1422
DNAJC27,1.3501148,1423
IL20,1.3460113,1424
FCER2,1.3432328,1425
ADGRE3,1.3427051,1426
MYL9,1.3423184,1427
VSIG1,1.3410171,1428
CD8B,1.3400931,1429
ARL4C,1.3384533,1430
PIK3R6,1.3357667,1431
TRPS1,1.3342804,1432
ZNF385D,1.3329725,1433
GBP6,1.3316188,1434
RHOXF1,1.3310117,1435
COLGALT2,1.3291885,1436
LINC02694,1.3283104,1437
HES1,1.3278418,1438
HHIP,1.3274226,1439
CLIP4,1.3261071,1440
CBLN2,1.3252513,1441
PLGLB1,1.3249277,1442
ZEB1,1.3245497,1443
SLC5A5,1.3235921,1444
MYO16,1.3231151,1445
SLC9A3R2,1.32169,1446
ARSD-AS1,1.3187855,1447
KCNJ8,1.317503,1448
SLAMF6,1.3169926,1449
H2AC13,1.3149927,1450
EXD1,1.3134137,1451
LBH,1.3129873,1452
IL21R-AS1,1.3122319,1453
NR4A3,1.3119576,1454
FLT3LG,1.3113428,1455
FOXB1,1.3112674,1456
CRCT1,1.3099357,1457
SAMMSON,1.3098804,1458
SCUBE1,1.3095938,1459
ELN,1.3083248,1460
FAM209A,1.3079933,1461
FOXI1,1.3020078,1462
CDH5,1.3019595,1463
ZIK1,1.2979411,1464
RAB27A,1.2950754,1465
RSPO3,1.2940061,1466
P2RX5,1.2932942,1467
TRBC1,1.2914604,1468
XIST,1.2899895,1469
GAPT,1.2897866,1470
SYT4,1.2893153,1471
PCK1,1.2891933,1472
PTPRC,1.2878616,1473
TDRD12,1.2849735,1474
ASTE1,1.284949,1475
LILRA4,1.2838564,1476
TREML2,1.2837491,1477
SLCO4C1,1.2834988,1478
IKZF3,1.2816434,1479
CATSPERG,1.2796563,1480
CD37,1.2796383,1481
TAGAP,1.2777473,1482
PLEKHG7,1.2774385,1483
MR1,1.2760203,1484
SIGLEC6,1.2755824,1485
RLN1,1.2750453,1486
GRM6,1.2745733,1487
GRK7,1.2741477,1488
LINC00989,1.273325,1489
BICDL1,1.2716088,1490
SEC31B,1.2699004,1491
GJA5,1.2695609,1492
ZNF10,1.2687291,1493
GFRA2,1.268077,1494
LILRA5,1.2678612,1495
SULT1A2,1.2672421,1496
GLMN,1.2652862,1497
COL25A1,1.2640107,1498
ZNF154,1.2615794,1499
LINC00996,1.2605774,1500
CTSE,1.2585688,1501
RYR1,1.2578403,1502
ADAMTS9,1.25674,1503
NME8,1.2566082,1504
REEP2,1.2561262,1505
TNFAIP6,1.255748,1506
CD2,1.2553103,1507
TRAV1-1,1.253969,1508
SKAP1,1.2534838,1509
HBZ,1.2530626,1510
PIK3R1,1.2526953,1511
NTRK1,1.2516228,1512
PEG10,1.2507445,1513
OTOGL,1.2501199,1514
LINC00971,1.2494917,1515
ASCL1,1.2486597,1516
EMP3,1.2467618,1517
HSPA1A,1.2466909,1518
KLRK1,1.2457949,1519
TRAV19,1.2433585,1520
PAX5,1.243279,1521
TNFSF13B,1.242533,1522
STAG3,1.2422757,1523
SEMA3G,1.2419235,1524
PTH2,1.2419153,1525
KCNH3,1.2414331,1526
ARHGAP9,1.2402598,1527
GRAP2,1.2396456,1528
COL5A2,1.2395028,1529
AGT,1.2379996,1530
TIAM1,1.2353809,1531
IL23R,1.2345333,1532
MRAP,1.2322478,1533
CTSG,1.231877,1534
CSF1R,1.2316369,1535
ELOVL4,1.2311186,1536
SEPTIN6,1.2309729,1537
TMEM88,1.2303383,1538
PROSER3,1.2297906,1539
TNIK,1.2296021,1540
PDE1B,1.2285582,1541
ZNF667,1.2259947,1542
ATP8B2,1.2255198,1543
FAM122C,1.220221,1544
LINC01013,1.219084,1545
CRIP2,1.218721,1546
SFTA1P,1.2181298,1547
GRIN2C,1.2154255,1548
IFI16,1.2152215,1549
CEP85L,1.2141614,1550
ADGRE1,1.2134773,1551
ITGAL,1.2127715,1552
MFNG,1.210159,1553
MDS2,1.2098356,1554
PIK3CD-AS1,1.2081228,1555
ANKRD66,1.2064629,1556
ZNF101,1.2002339,1557
EMILIN1,1.1984555,1558
IL7R,1.1956347,1559
TMEM100,1.1952026,1560
RHEBL1,1.1950699,1561
OLIG2,1.1929129,1562
RGL4,1.1923109,1563
N4BP2L1,1.1895812,1564
ESR2,1.1891156,1565
SEC14L4,1.188315,1566
KAT2B,1.1871847,1567
EFCAB8,1.182168,1568
CRISPLD2,1.1802163,1569
PLAT,1.1799468,1570
TRAV8-6,1.1792234,1571
KLRD1,1.17797,1572
KRT2,1.1769826,1573
LINC01122,1.1753587,1574
PNMA1,1.174513,1575
CREB3L3,1.1744924,1576
HELB,1.1732998,1577
FFAR1,1.1731868,1578
H2AC7,1.1711699,1579
SH2D1A,1.1697775,1580
ACTN3,1.1697263,1581
EID2B,1.1695071,1582
CDKN2B-AS1,1.1689479,1583
GRIK3,1.1684723,1584
CYBB,1.1660542,1585
LOXHD1,1.1656296,1586
TRAV20,1.165048,1587
CIDEB,1.1649498,1588
CAPSL,1.1648502,1589
TMEM140,1.1643581,1590
FAM43A,1.1637467,1591
APBB1,1.1631814,1592
TMPRSS6,1.1626105,1593
LINC00852,1.1609715,1594
LRRN3,1.1574504,1595
NLRP1,1.1571803,1596
RCAN3,1.1571032,1597
UNC45B,1.1540818,1598
CYSLTR2,1.1506864,1599
TIMP3,1.1464416,1600
SYT11,1.144949,1601
TRAF3IP3,1.1440696,1602
KIF20B,1.1440566,1603
GREM2,1.143668,1604
LINC01644,1.1435368,1605
ATP1A3,1.1429387,1606
HSP90AB1,1.1428301,1607
GPR132,1.1427679,1608
APOBEC3A,1.14211,1609
NRN1,1.1413095,1610
ZBTB12,1.1396682,1611
PMCH,1.1389458,1612
KHDRBS2,1.1387879,1613
CRX,1.1376215,1614
GPRASP1,1.136851,1615
ZNF708,1.1366777,1616
CD4,1.1346962,1617
CCL13,1.1332405,1618
PHTF2,1.1314316,1619
PCED1B,1.1308268,1620
VIM-AS1,1.1291786,1621
DLGAP1,1.1270359,1622
ZNF829,1.1265165,1623
RNGTT,1.1256958,1624
WDFY4,1.1255617,1625
RSKR,1.1239265,1626
PSAP,1.1238033,1627
ARHGAP29,1.1232815,1628
TRBV30,1.1219288,1629
REC8,1.11763,1630
SLC39A12,1.1136625,1631
PLPP1,1.1116599,1632
ZNF14,1.1107631,1633
UCN3,1.1102533,1634
SGCE,1.1094311,1635
CYYR1,1.1087517,1636
CYP4B1,1.1082568,1637
TRBV7-2,1.1081313,1638
NAP1L5,1.1050427,1639
COQ10A,1.1049149,1640
CHN1,1.1025996,1641
STARD9,1.0997279,1642
ANGPTL1,1.0988595,1643
APOD,1.0971152,1644
ENHO,1.095043,1645
LINC00987,1.0950058,1646
CCDC73,1.0933459,1647
SYCP3,1.0879657,1648
SPNS3,1.0878918,1649
KCNK12,1.0878391,1650
PLA2G4E-AS1,1.0875603,1651
SLFNL1-AS1,1.0873271,1652
SYNPO2,1.0847716,1653
GPR18,1.0832133,1654
STAT5B,1.0830125,1655
SERPINA3,1.0824251,1656
SLFN12L,1.0793544,1657
LINC00691,1.0792928,1658
FGB,1.0786301,1659
TRPV2,1.0786006,1660
FAM78A,1.0769311,1661
PLA2G7,1.0754731,1662
IGKV3-20,1.0741049,1663
PALMD,1.0735525,1664
GIMAP5,1.0730766,1665
C1orf162,1.0725662,1666
VXN,1.0714095,1667
TOGARAM2,1.0699757,1668
PPDPF,1.0695243,1669
HLA-DQB2,1.0686494,1670
PMP2,1.0686462,1671
SPARC,1.0655624,1672
SDC2,1.0616235,1673
SIGLEC14,1.0602971,1674
LINC00324,1.0599295,1675
HIF1A-AS1,1.0592495,1676
GALR3,1.0582165,1677
POMC,1.0569372,1678
WAS,1.0568503,1679
DNAI2,1.0567536,1680
MCOLN2,1.0554523,1681
DHRS7C,1.0526015,1682
C1QTNF3,1.0509586,1683
HEPN1,1.0506308,1684
ZNF626,1.0486557,1685
INPP4B,1.0462037,1686
CPB1,1.0441629,1687
DDHD1,1.042839,1688
ZBTB25,1.039788,1689
IFIT3,1.0362177,1690
HHIPL2,1.0360855,1691
IGHG1,1.0358077,1692
IGHV3-43,1.0347712,1693
THBD,1.0345098,1694
MYBPH,1.0332685,1695
ST8SIA1,1.0328223,1696
CNPY1,1.0322657,1697
BRDT,1.02873,1698
TAF7L,1.028293,1699
SATB1,1.0272253,1700
GNAO1,1.0265939,1701
FPGT-TNNI3K,1.0251333,1702
JMY,1.0247731,1703
ZMAT1,1.0242586,1704
CACNA1C-AS1,1.0235376,1705
PAG1,1.0217783,1706
CLDN19,1.0215914,1707
LINC01031,1.02062,1708
ALOX5AP,1.0189474,1709
H2BU1,1.0188034,1710
ZNF540,1.0186706,1711
ULBP2,1.0170227,1712
TUBA8,1.016639,1713
PRMT9,1.0154883,1714
AGRP,1.0152006,1715
LINC00861,1.0143659,1716
PDE3B,1.0143436,1717
A1BG-AS1,1.0131754,1718
ATP1A4,1.012883,1719
LETM2,1.0121716,1720
FKBP6,1.0108526,1721
FAM117A,1.0103188,1722
LINC00589,1.0092624,1723
NMUR1,1.0089813,1724
TBC1D10C,1.0079454,1725
IGHV3-64,1.0074031,1726
LIX1L,1.0068159,1727
FCRL1,1.0062169,1728
LACTB2-AS1,1.0031874,1729
CXorf21,1.0029337,1730
TXN,1.0006856,1731
THADA,1.0001092,1732
NCF1,0.99941,1733
ZNF831,0.9986195,1734
FILIP1L,0.9976517,1735
GPR183,0.995074,1736
CPA5,0.9948942,1737
CARNS1,0.9927946,1738
IGLV8-61,0.9927395,1739
ATCAY,0.99189025,1740
ZXDA,0.9914454,1741
CNIH2,0.98972905,1742
KLRG1,0.98848695,1743
NRG1,0.98838437,1744
LINC02716,0.9870325,1745
LINC00539,0.9870298,1746
HEATR4,0.986085,1747
SLC25A30,0.9858911,1748
GADD45G,0.98482895,1749
GIMAP1,0.9846743,1750
LINC01572,0.9845206,1751
ARID5B,0.98438495,1752
AP4S1,0.984026,1753
PPIAL4G,0.9791128,1754
KIR3DL2,0.979099,1755
GBP7,0.9789714,1756
IL4I1,0.9770361,1757
C20orf204,0.9770242,1758
CABP7,0.97664213,1759
CHIT1,0.9758854,1760
GPR42,0.9751783,1761
PARD6A,0.97463983,1762
FAM9C,0.973814,1763
ZNF781,0.9728315,1764
PROX2,0.9722416,1765
RADX,0.9681109,1766
PARP15,0.96769816,1767
HTR3E,0.9675816,1768
IRF4,0.967576,1769
VIPR2,0.96741575,1770
TRGV9,0.9673124,1771
CD86,0.96547997,1772
DNAJB7,0.9652085,1773
SOX6,0.9651146,1774
IFNG,0.96395946,1775
WSCD2,0.96313006,1776
CHST11,0.9622386,1777
TIFA,0.9602566,1778
BTLA,0.96018803,1779
TMIGD2,0.9600221,1780
PBXIP1,0.9585338,1781
KIR3DL3,0.95691556,1782
ZNF419,0.9564013,1783
SPDYA,0.9555268,1784
RORB,0.9523928,1785
LIFR,0.95209503,1786
IGHE,0.9520242,1787
SLC7A10,0.95055,1788
SPACA6P-AS,0.9504573,1789
LINC00877,0.9465967,1790
PLPP3,0.9460597,1791
TMEM131L,0.9458888,1792
TMIGD1,0.9457766,1793
ZNF484,0.9454577,1794
GOLGA8M,0.94533145,1795
TYROBP,0.9451692,1796
OLFML2A,0.94502825,1797
DRAXIN,0.9448779,1798
LY86-AS1,0.9444053,1799
THBS4,0.94300467,1800
ZNF548,0.94131374,1801
TNFSF9,0.9377216,1802
SHISA8,0.9370395,1803
MATN1-AS1,0.9362622,1804
CLEC2B,0.9356135,1805
FBXO43,0.9351699,1806
TUBB2B,0.9342041,1807
CCN1,0.9334293,1808
PDGFRB,0.93338585,1809
IFITM2,0.932997,1810
WDR86,0.93207103,1811
HMOX1,0.93166983,1812
PRELP,0.9302397,1813
TMEM154,0.9294022,1814
CD163,0.928507,1815
SP110,0.927814,1816
SVOPL,0.9268677,1817
RASAL3,0.9268071,1818
ATP8B4,0.92566025,1819
EPHA1-AS1,0.92453027,1820
SUMO4,0.9190567,1821
SMC1B,0.9173017,1822
CALCRL,0.91693085,1823
TRAF1,0.9166263,1824
DOCK8,0.91606456,1825
VNN2,0.915945,1826
COLQ,0.9152306,1827
DEF6,0.9133034,1828
KRT72,0.9115032,1829
PADI4,0.91149473,1830
HEPACAM,0.91032934,1831
ATRNL1,0.909586,1832
TFEC,0.9092457,1833
CH25H,0.9089665,1834
TXK,0.90802497,1835
IGKV1-9,0.9067822,1836
KIZ-AS1,0.90581703,1837
HS3ST2,0.9049323,1838
ADORA2A-AS1,0.9045331,1839
CFH,0.9016276,1840
PNMA5,0.9009963,1841
ZNF225,0.9009889,1842
CD244,0.90098095,1843
ADAM8,0.900922,1844
POU2F2,0.898404,1845
RAMP3,0.89731526,1846
LYPD1,0.8965038,1847
IL13RA2,0.8964584,1848
INPP4A,0.89513296,1849
BATF,0.8948744,1850
SPATC1,0.8941654,1851
AGPAT4,0.89198375,1852
TFPI2,0.89161223,1853
CAPN14,0.89091426,1854
BEND4,0.8900277,1855
PRSS21,0.88775206,1856
TUBA1A,0.8870777,1857
FCMR,0.8861996,1858
DLC1,0.8848406,1859
SCIMP,0.883379,1860
CCR7,0.8824643,1861
TRAV22,0.8823972,1862
SLC5A7,0.8819056,1863
EPOR,0.88136595,1864
CD101,0.88132685,1865
C1orf61,0.8798857,1866
HERC1,0.8797191,1867
TUBA4A,0.8787565,1868
FAM151A,0.8774347,1869
PCDH9,0.8772366,1870
PIK3IP1-DT,0.87696046,1871
ADGRL4,0.87333435,1872
MYCT1,0.8727808,1873
ARMH1,0.8711927,1874
ZNF529,0.8695395,1875
RGMA,0.868231,1876
WIPF3,0.8680815,1877
ARL4D,0.8660635,1878
IL2,0.865413,1879
TSSK6,0.8654051,1880
H2AC17,0.8640008,1881
IGKV1D-16,0.8635524,1882
ADRB1,0.8629541,1883
RFLNB,0.86283094,1884
FAM153A,0.8604191,1885
STK17B,0.8597956,1886
IGHV3-23,0.8594682,1887
IGHV3-15,0.8581238,1888
ITK,0.85742986,1889
CDH20,0.8557511,1890
RAB29,0.8533145,1891
TRAV38-2DV8,0.8532843,1892
ABHD15,0.8527178,1893
H2BC14,0.8519152,1894
ST3GAL5,0.8514205,1895
S100A1,0.8512728,1896
USP51,0.8508691,1897
KIF21B,0.8504639,1898
TTC16,0.8486279,1899
SLA,0.84846014,1900
ITGB2-AS1,0.8483994,1901
PRSS53,0.8480611,1902
VAV1,0.84761405,1903
IGHV2-26,0.84759396,1904
STING1,0.84087527,1905
CCDC102B,0.8404457,1906
IL4,0.83933145,1907
GFAP,0.8391713,1908
LRRC7,0.8381391,1909
LINC01012,0.8374419,1910
NTRK3,0.8371312,1911
SYNE1,0.83709663,1912
HOXB4,0.8367108,1913
SLAMF1,0.83189887,1914
MYO1F,0.83188653,1915
KPNA5,0.8293994,1916
CD27,0.82828844,1917
TRAV41,0.8274675,1918
SHANK2-AS1,0.82694393,1919
CR1,0.82568556,1920
PPP1R16B,0.8255956,1921
PER1,0.8247336,1922
APOE,0.824014,1923
PVRIG,0.82312715,1924
SAG,0.8227089,1925
IGLV2-11,0.8219067,1926
YPEL2,0.82095927,1927
ADAMTS8,0.82057923,1928
RAB8B,0.8195763,1929
CD40LG,0.8194203,1930
NRIP3,0.8185073,1931
EFEMP2,0.8176621,1932
HOXC4,0.81547445,1933
PAPOLG,0.8141726,1934
ZNF141,0.81407374,1935
ZNF773,0.81260663,1936
HSPA8,0.81139344,1937
SAMD3,0.8081336,1938
H3C12,0.8069826,1939
HPGDS,0.80394846,1940
GLIPR1L1,0.8030209,1941
EMID1,0.8018713,1942
SFRP4,0.7997418,1943
POC1B-GALNT4,0.7988264,1944
IGLL5,0.79878354,1945
SPATA45,0.797349,1946
ITIH5,0.792596,1947
MAL,0.7911613,1948
ADGRG3,0.7900924,1949
STOM,0.78866476,1950
TMCO2,0.7868039,1951
SH3TC1,0.7865969,1952
SMAD7,0.7861577,1953
KBTBD8,0.7855235,1954
SH2D2A,0.78540695,1955
CKLF-CMTM1,0.78356427,1956
FXYD6-FXYD2,0.783432,1957
TMEM225B,0.7831799,1958
DNAH8,0.781259,1959
CLEC4M,0.78038126,1960
PCNX2,0.77999353,1961
SIDT1,0.7790329,1962
PTH2R,0.7776067,1963
RGS6,0.7768511,1964
ABCB4,0.77652156,1965
TSPAN11,0.77640957,1966
RBM34,0.7753701,1967
INTS6L,0.77264667,1968
FPR2,0.77243197,1969
CD96,0.77207804,1970
CLEC2D,0.7703218,1971
LIME1,0.76985663,1972
RNU11,0.7690006,1973
DIRAS1,0.76887107,1974
LIMD2,0.7662966,1975
<class 'str'>-41,0.7655393,1976
SELP,0.7652255,1977
CCDC144A,0.76498127,1978
MYO5A,0.7626159,1979
IGHV1-46,0.761688,1980
SLC16A6,0.76121944,1981
PHLDB3,0.76101035,1982
ATP10A,0.7609302,1983
NPIPB4,0.75992817,1984
NAP1L2,0.75901586,1985
RERGL,0.7576923,1986
CADM2,0.75712293,1987
IGHV3-74,0.75597316,1988
TPM1,0.7553557,1989
GOLGA8A,0.75407183,1990
GP6,0.7533698,1991
LRRC8C,0.7532326,1992
MAMDC2,0.7531008,1993
KLRC2,0.7514069,1994
CDKN2A,0.7505072,1995
CALY,0.7503662,1996
LCK,0.7501288,1997
ZNF329,0.7489607,1998
IL12RB1,0.7482371,1999
CFAP126,0.7479094,2000
LAYN,0.74652445,2001
ORM1,0.74421567,2002
TRIM17,0.7440748,2003
KLKB1,0.74219775,2004
BTG1,0.7406122,2005
ZNF669,0.7397111,2006
DISP3,0.73963654,2007
PRCD,0.73891693,2008
TCEAL7,0.7387578,2009
TMEM67,0.7377276,2010
CMTM5,0.7375679,2011
CHRNA6,0.7366106,2012
BCL2A1,0.73611456,2013
LINC00656,0.7347446,2014
HVCN1,0.73423934,2015
LINC00102,0.73222727,2016
TRAV12-2,0.73088056,2017
H3C11,0.7258524,2018
PIP4K2A,0.7257615,2019
CNKSR2,0.72519666,2020
FAM126A,0.7248034,2021
TRGC2,0.7237714,2022
SEC14L6,0.7233667,2023
UNC13D,0.7232426,2024
LINC00893,0.7232047,2025
AAK1,0.72251594,2026
IGHD,0.72214484,2027
IGLV4-69,0.7214421,2028
GRAMD1B,0.71854424,2029
GBP2,0.7183701,2030
ENPP2,0.71820086,2031
SH2D3C,0.7181597,2032
ABCD2,0.7158969,2033
H1-3,0.7152493,2034
MIR3142HG,0.7152196,2035
EBF1,0.71519876,2036
PLCG2,0.7147302,2037
CYP1B1,0.7145242,2038
IGKV4-1,0.714018,2039
SCGB1D2,0.7139959,2040
TNNI3K,0.7138279,2041
RAB39B,0.71361566,2042
TIGIT,0.71200347,2043
C11orf21,0.7118529,2044
PCDH17,0.7118021,2045
POTEE,0.7100363,2046
PPP1R17,0.7076771,2047
INSYN2A,0.70746803,2048
MYLK,0.7072232,2049
FAM238A,0.70506114,2050
CSF3,0.70341825,2051
LRRC77P,0.7022648,2052
ZFAND2A,0.70175993,2053
FOLR2,0.7017039,2054
MXRA5,0.69869703,2055
CADM3,0.6984338,2056
PLA2G2C,0.6968906,2057
TM4SF18,0.6957179,2058
WHRN,0.6954564,2059
SOX10,0.6936492,2060
KCNAB2,0.69194096,2061
KCNA5,0.68933576,2062
INSL3,0.68691146,2063
ZNF680,0.68480426,2064
TRGC1,0.68335843,2065
HLA-DPA1,0.681218,2066
SCT,0.6789965,2067
KRT1,0.6789857,2068
CD1A,0.6745278,2069
CXCR6,0.67322564,2070
SIRPD,0.67289466,2071
IGKV1-5,0.6722029,2072
RORA,0.67184186,2073
TUBB4A,0.6713167,2074
PIP,0.67090434,2075
TIMD4,0.6706776,2076
TBX1,0.6695753,2077
ARNTL,0.6689586,2078
KDM8,0.66860104,2079
ZNF536,0.6678286,2080
MMRN1,0.66714,2081
H2BC3,0.6651228,2082
FAM167A,0.66404915,2083
PPP5D1,0.6636113,2084
SCN7A,0.6634392,2085
CYTH4,0.6627471,2086
RGPD8,0.66242313,2087
SPRR2E,0.6617772,2088
IGKV1-16,0.6615613,2089
ANGPTL6,0.661407,2090
JAML,0.65898424,2091
SUSD4,0.6581753,2092
LMO2,0.6572373,2093
IQGAP2,0.65720826,2094
GRM3,0.65689415,2095
MAP4K1,0.653911,2096
TRIM59,0.65329736,2097
TRBV19,0.65214956,2098
ZC3HAV1,0.6520519,2099
TRAV12-1,0.6518737,2100
IGHV3-49,0.6514849,2101
TDRD9,0.6503987,2102
PCAT19,0.6494835,2103
KLRC1,0.64791423,2104
MS4A2,0.64689934,2105
FGFR1,0.6445275,2106
LGALS12,0.6422176,2107
IGKV3-15,0.6403222,2108
NETO1,0.6395162,2109
KLK5,0.63883156,2110
CASQ2,0.63878554,2111
PRF1,0.6381058,2112
DDIT4L,0.6376923,2113
KIR2DL1,0.6374389,2114
KLRF1,0.63626784,2115
HLA-DOA,0.6329403,2116
PARVG,0.63097006,2117
SV2A,0.6309547,2118
ZNF571-AS1,0.63034606,2119
IGKV1-27,0.6294104,2120
ARHGAP25,0.6293897,2121
STAT5A,0.6290795,2122
SRGAP2C,0.62893164,2123
SPRY1,0.6243377,2124
TSHZ2,0.62399346,2125
OTOP2,0.6222263,2126
GCSAM,0.6214779,2127
IGHV1-18,0.61842364,2128
FCRL6,0.61736995,2129
VAMP1,0.61716205,2130
TNFRSF25,0.61642635,2131
ATF7IP,0.6156863,2132
ZFP14,0.6150485,2133
ZNF439,0.6141245,2134
TRH,0.61217356,2135
TRGV7,0.6118479,2136
TRBV9,0.61162114,2137
H2AC12,0.6095025,2138
FSIP1,0.609444,2139
IGKV2D-29,0.6089605,2140
OLFML3,0.6050452,2141
NIBAN3,0.6047271,2142
PHACTR1,0.60427916,2143
HAPLN4,0.6035532,2144
GCM1,0.6034786,2145
CKB,0.6017701,2146
TRAV16,0.60131896,2147
TSC22D3,0.6007386,2148
CCNA1,0.60042167,2149
GLRA3,0.5994286,2150
HTRA4,0.5992514,2151
NEUROG3,0.59794575,2152
MS4A1,0.5946999,2153
NEFM,0.59254116,2154
ACTRT3,0.5914705,2155
UBASH3A,0.59145075,2156
IFIT2,0.5909945,2157
CCDC152,0.5909187,2158
PTPRS,0.5903953,2159
EBLN2,0.59014726,2160
KDM5D,0.59012705,2161
SLAIN1,0.5878463,2162
AMZ1,0.58737814,2163
IGKV1D-43,0.5863659,2164
CSTF3-DT,0.5859895,2165
PRKX,0.5845224,2166
SAP30L-AS1,0.58333987,2167
SLC13A4,0.58313143,2168
NTS,0.5830712,2169
IGKV1D-39,0.5819769,2170
CDKL2,0.58184326,2171
PROK2,0.580668,2172
GPR82,0.5788231,2173
CRTC3-AS1,0.577738,2174
RASD1,0.57702315,2175
SEMA3F-AS1,0.57684886,2176
AKNA,0.57400215,2177
ABCA1,0.573535,2178
KANK3,0.5734964,2179
MS4A4A,0.5722309,2180
TRDV1,0.57169324,2181
CLEC17A,0.5714373,2182
GFPT2,0.57131726,2183
KIR2DL3,0.5705454,2184
SMARCA5-AS1,0.56918734,2185
CCR2,0.5678338,2186
PLEKHA2,0.5659269,2187
TMEM204,0.5658433,2188
IGKV6-21,0.56347275,2189
IGLV2-18,0.5626152,2190
ISG20,0.56054103,2191
KRT5,0.5598443,2192
TMPRSS11E,0.5596796,2193
CD1E,0.5574397,2194
BEST4,0.5573443,2195
NAP1L6P,0.5563484,2196
PCOLCE2,0.55567676,2197
KCNA7,0.55495375,2198
FCRL4,0.5513507,2199
HOXB-AS1,0.54906225,2200
BANK1,0.54898757,2201
ZFAS1,0.5485189,2202
CHRNA1,0.54825413,2203
TSIX,0.5461765,2204
TMEM95,0.5452357,2205
LINS1,0.5447887,2206
XXYLT1-AS2,0.5412118,2207
PLIN2,0.5411651,2208
GDF7,0.5408296,2209
WDR64,0.54074764,2210
LAT,0.5401611,2211
JAKMIP3,0.5382992,2212
SLC35F1,0.53807074,2213
WNT7A,0.5379572,2214
IL5,0.5374753,2215
ADAMTS17,0.5368516,2216
DENND1C,0.5354856,2217
SNCG,0.53507984,2218
PKD1L3,0.5326539,2219
ZFP82,0.53204966,2220
SORCS1,0.5315721,2221
IL31RA,0.5313826,2222
HTR3A,0.52888477,2223
KRT14,0.52843076,2224
A2M-AS1,0.5262766,2225
SLC17A3,0.52547956,2226
C7,0.5248477,2227
PRKCB,0.52463037,2228
PGBD4,0.52243924,2229
ITPRIP,0.52164114,2230
SPATA22,0.5169753,2231
MATN1,0.51677054,2232
PNMA3,0.5162685,2233
FGD3,0.5159795,2234
FABP1,0.5151805,2235
ZBTB32,0.5148706,2236
ICA1L,0.5147847,2237
LINC01551,0.51333994,2238
H2BC15,0.5125808,2239
PTPRZ1,0.51249385,2240
PRMT8,0.51205206,2241
RB1-DT,0.5110881,2242
NKAIN3,0.50796616,2243
GALNT4,0.5068041,2244
MIR100HG,0.5067202,2245
CDH4,0.5065014,2246
HAPLN3,0.5062758,2247
C3orf86,0.50618404,2248
NKG7,0.5060733,2249
HLA-DRB1,0.5050994,2250
TRANK1,0.5037327,2251
SERPING1,0.50363326,2252
IL23A,0.5032167,2253
ABCA10,0.50125456,2254
DUSP1,0.498886,2255
SNURF,0.49775016,2256
C9orf135,0.497652,2257
TNFRSF13C,0.49646506,2258
ERICH6-AS1,0.49621585,2259
TRAV8-2,0.49560928,2260
FMO2,0.49524033,2261
TBX20,0.49467656,2262
RETN,0.4939825,2263
DKK1,0.493734,2264
HLA-DQA1,0.49361718,2265
ZNF570,0.4919035,2266
ATP2B1-AS1,0.491292,2267
CD247,0.4912453,2268
ANXA2R,0.49075758,2269
CR2,0.4896489,2270
MSR1,0.48960617,2271
POU5F2,0.48820248,2272
ZNF132,0.48791793,2273
CCDC69,0.4861918,2274
GMFG,0.4857447,2275
GFI1,0.48533294,2276
RGPD2,0.4842535,2277
CUX2,0.4837273,2278
H1-1,0.48351923,2279
MPZ,0.48281828,2280
SPINK2,0.48180565,2281
HSD3B2,0.47907132,2282
FAM124B,0.4788283,2283
C1S,0.47862536,2284
SCN3A,0.47794965,2285
PEAK3,0.47763065,2286
CACNA1I,0.47691306,2287
SLC18A2,0.47645107,2288
PASK,0.47632137,2289
NSG1,0.47482887,2290
ATP6V0D2,0.47478604,2291
C16orf54,0.47470227,2292
LMOD1,0.47206178,2293
ANKRD44,0.47187474,2294
IGLV6-57,0.47063598,2295
ANXA1,0.47044775,2296
DSCR9,0.46797445,2297
IGLV5-45,0.46741056,2298
PLEKHM3,0.46723875,2299
RAB37,0.46694627,2300
IGFBP5,0.4641293,2301
LRP2BP,0.46398857,2302
LINC00299,0.46326774,2303
B3GAT2,0.46206653,2304
ZNF483,0.46072137,2305
GIMAP7,0.45937413,2306
CECR3,0.45792493,2307
PTGS2,0.45756748,2308
HAND2,0.45707262,2309
GPR174,0.4551674,2310
PI16,0.4550585,2311
HAMP,0.45408568,2312
LAMP3,0.45407242,2313
TRGV4,0.4540176,2314
TDRD15,0.45331657,2315
RGPD6,0.45148608,2316
GATA3,0.45061898,2317
SFRP5,0.44980964,2318
YPEL5,0.449066,2319
LINC01317,0.44865778,2320
LY86,0.4452281,2321
ZNF136,0.4418625,2322
<class 'str'>-8,0.44150707,2323
TNF,0.44066426,2324
ANGPTL7,0.44032228,2325
GGT5,0.43794298,2326
SENP7,0.43740144,2327
CCDC65,0.43467674,2328
CTAGE4,0.4336377,2329
KRT24,0.43348953,2330
AKAP5,0.43315178,2331
IL13,0.43291628,2332
SLFN12,0.43191186,2333
ATP8A2,0.43190202,2334
H3C13,0.43135327,2335
LINC02078,0.4273139,2336
ZNF211,0.42696506,2337
CARD8-AS1,0.4262936,2338
TRAV3,0.42577216,2339
IGKV3-11,0.42505106,2340
CCDC42,0.42402786,2341
DHRS9,0.42321086,2342
ZNF675,0.42278308,2343
LAX1,0.42040953,2344
OBSCN-AS1,0.41771916,2345
STX16-NPEPL1,0.416924,2346
NXPE3,0.416113,2347
TMIGD3,0.41535842,2348
DBH,0.41534957,2349
PARP8,0.41534114,2350
TTC39C,0.41433954,2351
RFTN1,0.40957707,2352
GRAP,0.40588307,2353
LRRC4C,0.40471464,2354
IGLV1-40,0.40233195,2355
IGKV2-26,0.40232217,2356
LAIR1,0.40228844,2357
LINC01251,0.4007227,2358
S1PR2,0.40068233,2359
USP44,0.39972678,2360
STMN1,0.39775065,2361
SYT5,0.39659283,2362
TARID,0.395473,2363
CHST7,0.39470726,2364
SLC30A10,0.3946571,2365
KIF25-AS1,0.39302617,2366
IGLV3-27,0.391266,2367
ARAP2,0.39080647,2368
DTX1,0.39045998,2369
PCSK2,0.38970223,2370
SUPT3H,0.38849187,2371
TRBV20-1,0.38810265,2372
TNXB,0.38569665,2373
IGHV3-11,0.3842615,2374
ZNF730,0.3834937,2375
L1CAM,0.3816863,2376
P2RY10,0.38158506,2377
CNTF,0.38025478,2378
MAGEE1,0.37964973,2379
CCDC184,0.37907347,2380
ZBTB16,0.37822446,2381
ECT2L,0.37661225,2382
ZNF256,0.37590346,2383
C9orf47,0.37411955,2384
IGHV3-33,0.37211734,2385
KLHL28,0.37134385,2386
CD70,0.37042692,2387
PURG,0.36874497,2388
RGS19,0.3685606,2389
CBX7,0.36815453,2390
G0S2,0.36730647,2391
BASP1,0.36719853,2392
SLC14A1,0.36611295,2393
DSE,0.36603707,2394
NIPAL4,0.36539364,2395
BEX3,0.36361325,2396
TMEM119,0.36201853,2397
FAM66C,0.36167568,2398
H2BC17,0.36118728,2399
RGPD5,0.36048096,2400
TRAV29DV5,0.3602756,2401
CD34,0.35988006,2402
COL6A1,0.35841253,2403
PGLYRP2,0.35509834,2404
HSPA1L,0.3548714,2405
LINC01260,0.35483956,2406
ZNF527,0.35393405,2407
UPB1,0.35307166,2408
WNT16,0.3530356,2409
TXLNB,0.3522572,2410
PIK3CD,0.35054675,2411
GDNF,0.35038438,2412
CD14,0.34819707,2413
GAB3,0.3454255,2414
CSF1,0.3449919,2415
LINC00092,0.3443075,2416
HIVEP3,0.34364286,2417
ADARB2,0.34304664,2418
CLEC12A,0.34284005,2419
SLC16A7,0.33868113,2420
XKR4,0.33703864,2421
SLFN13,0.33643642,2422
NPIPB5,0.33636928,2423
SHISA3,0.33633843,2424
TMEM59L,0.3355685,2425
FNDC7,0.33457002,2426
SPATA21,0.33378816,2427
FLRT1,0.33248153,2428
SHISAL2A,0.3320849,2429
ABCA8,0.33088547,2430
MRC2,0.3281265,2431
AVPR1A,0.32695684,2432
CD69,0.32683456,2433
SSH1,0.32546,2434
BCL2,0.3245854,2435
SLC26A2,0.32299417,2436
F5,0.32216173,2437
RGS13,0.3219275,2438
APBA2,0.32030633,2439
TRAV26-1,0.3168423,2440
LINC01198,0.31485683,2441
IRF8,0.31410122,2442
FGF7,0.31097823,2443
GPR61,0.3101224,2444
RNF166,0.30900064,2445
MBOAT1,0.30889472,2446
TRIB2,0.30861992,2447
LINC00548,0.3062265,2448
TESPA1,0.30601677,2449
ADAM28,0.30317286,2450
ARIH2OS,0.30246165,2451
SLA2,0.30136448,2452
MNDA,0.29949772,2453
RPPH1,0.29931203,2454
EVL,0.2985607,2455
ATP1B1,0.2985556,2456
IGLV3-25,0.29726702,2457
PLCL1,0.29687375,2458
HRK,0.29669595,2459
HHEX,0.29617852,2460
NFATC2,0.29516166,2461
RNU12,0.29342514,2462
NPY,0.29240564,2463
HUS1B,0.28945848,2464
ANK3,0.28903508,2465
ADAMTS1,0.28657162,2466
SERPINA9,0.28433818,2467
LINC01215,0.2842337,2468
LINC01550,0.28361216,2469
TNFRSF13B,0.28232238,2470
TAMALIN,0.28197455,2471
ADGRB3,0.2778765,2472
CHRNE,0.2758478,2473
HSF5,0.27556542,2474
AIM2,0.27556196,2475
NCR3,0.2754965,2476
NOXRED1,0.27536637,2477
FAM227B,0.2727402,2478
IPCEF1,0.2725827,2479
IRF9,0.27222607,2480
ATP8B3,0.27145764,2481
FERMT3,0.26953804,2482
NTRK2,0.26897767,2483
IGLV3-9,0.26826584,2484
NDC80,0.26779804,2485
SCX,0.26682135,2486
SLC9B1,0.26682085,2487
S1PR5,0.26638392,2488
OCM,0.26627442,2489
ZNF350,0.2647855,2490
CYP4F22,0.26267114,2491
TPRG1,0.26052606,2492
PATL2,0.25953534,2493
BLM,0.25939816,2494
MIR1539,0.257864,2495
LRFN1,0.25715968,2496
N4BP2,0.25566062,2497
SAMHD1,0.25551772,2498
TUBB1,0.2531273,2499
IGHV3-73,0.25187102,2500
LINC00683,0.25000772,2501
RASA3,0.24934931,2502
C1orf54,0.2491001,2503
SLC25A45,0.24893084,2504
PTENP1-AS,0.24654227,2505
TOX2,0.24649306,2506
HS3ST3B1,0.24626483,2507
HEG1,0.24601375,2508
ASB16,0.24489266,2509
SPATA25,0.24483879,2510
CYSLTR1,0.24406952,2511
SGTB,0.2422402,2512
CATSPER1,0.24046409,2513
LMOD3,0.23857293,2514
EPHA4,0.23838748,2515
SIGLEC8,0.23710112,2516
MEDAG,0.23693494,2517
HOPX,0.2352494,2518
SPON2,0.23510477,2519
C20orf197,0.23486589,2520
OLR1,0.2338499,2521
FXYD2,0.23320329,2522
CXCR2,0.23240125,2523
ZDBF2,0.23076445,2524
STAC2,0.23042624,2525
RASGRF2,0.22815934,2526
CBX6,0.22550735,2527
CHST12,0.22284073,2528
FLI1,0.21912186,2529
MDGA1,0.2181398,2530
LYNX1,0.21680623,2531
C17orf107,0.2159386,2532
TRAV13-2,0.21543549,2533
NOTCH3,0.214562,2534
LINC00426,0.2142076,2535
TNFSF14,0.21268792,2536
FOXD3-AS1,0.20982158,2537
CD19,0.20915264,2538
RCAN2,0.20778671,2539
CCR6,0.207753,2540
TSPAN1,0.20772552,2541
SCGN,0.20721418,2542
GJB7,0.20698635,2543
AICDA,0.20696217,2544
EPHB6,0.2068356,2545
FCRL3,0.2057097,2546
LINC00605,0.20497955,2547
MAGEB10,0.20466988,2548
ACTB,0.2038797,2549
APOBEC3D,0.20188624,2550
ODAPH,0.20060307,2551
GPNMB,0.19320548,2552
HHLA1,0.19189598,2553
MDFIC,0.19079395,2554
IGLV1-36,0.19073701,2555
SEMA6B,0.18993106,2556
EOMES,0.18967302,2557
AKAP12,0.18859696,2558
C22orf46,0.18853982,2559
HSPA2,0.18767756,2560
CYFIP2,0.18747586,2561
TRGV3,0.18732838,2562
RGPD3,0.18721622,2563
CHRM3-AS2,0.18526183,2564
MORN3,0.18472144,2565
OPRM1,0.18335006,2566
IFNL1,0.18162324,2567
KCNMA1,0.18150131,2568
CX3CR1,0.179128,2569
KIR3DL1,0.1774247,2570
PIK3IP1,0.17651908,2571
KRT73-AS1,0.17507283,2572
COL14A1,0.17381503,2573
C3AR1,0.17198184,2574
ZNF418,0.16958505,2575
RINL,0.16946253,2576
SLC2A3,0.16812623,2577
EVI2B,0.16779736,2578
TPSD1,0.16746624,2579
CHST9,0.16551007,2580
KLRC4,0.164976,2581
COL19A1,0.16360748,2582
ZCCHC18,0.16112876,2583
PCDHA12,0.15933315,2584
HAS1,0.15892412,2585
FAM53B,0.15761776,2586
BCAS4,0.1564503,2587
ZNF615,0.15542518,2588
CCR9,0.15520522,2589
SYNGR3,0.15459192,2590
TSPOAP1-AS1,0.15353508,2591
PDZD4,0.15244949,2592
DDX58,0.15171263,2593
RASGRP1,0.15078832,2594
TMEM273,0.14957486,2595
TLR10,0.14150342,2596
APOBEC3C,0.14018954,2597
TTC24,0.1391915,2598
EGR2,0.13704696,2599
NBPF19,0.13436434,2600
IL1RL1,0.13426763,2601
CD8A,0.1330489,2602
SPX,0.1318042,2603
RALGAPA1,0.13162656,2604
DEFB4A,0.13158298,2605
CARD16,0.12665741,2606
RTP5,0.12628405,2607
MEIG1,0.12500426,2608
TNRC6C,0.12485606,2609
CST4,0.12386601,2610
WDR47,0.122810185,2611
ZNF257,0.12189455,2612
USP20,0.11992068,2613
ANKRD62,0.11970925,2614
RIC3,0.118737735,2615
TRBV21-1,0.11751537,2616
MAP1B,0.11708809,2617
ETS1,0.11610343,2618
BEX2,0.116028965,2619
SCN4A,0.115920186,2620
HLA-DOB,0.1155426,2621
EXOG,0.11373152,2622
CSF2,0.11257961,2623
RGS9BP,0.11148404,2624
SAMD9,0.10956352,2625
KCNN1,0.109233744,2626
RRS1-AS1,0.10840156,2627
SUSD5,0.108306915,2628
LINC00487,0.10641673,2629
BTN3A1,0.105952516,2630
B3GALT2,0.103906296,2631
SAMSN1,0.10349294,2632
H4C9,0.10253797,2633
KDR,0.10206462,2634
TMEM71,0.10178058,2635
PTPN13,0.10167552,2636
BSN-DT,0.098307416,2637
SYT3,0.09702981,2638
GOLGA8Q,0.09585119,2639
TBC1D2B,0.094389185,2640
LINC00649,0.09276417,2641
JUN,0.09056807,2642
IGSF11,0.09007203,2643
EPB41L3,0.08887337,2644
SH2D1B,0.08793167,2645
TOX,0.087575324,2646
GPR19,0.08755486,2647
GTF3C2-AS1,0.08752324,2648
ANKRD28,0.08585077,2649
CACNA1G,0.084100336,2650
BFSP2,0.08124004,2651
ADGRF5,0.0804274,2652
LINC02867,0.07992941,2653
TRBV14,0.079404876,2654
PCDHB1,0.07937137,2655
ZNF671,0.078500286,2656
FAM170B,0.07692662,2657
ZC3H12D,0.07635691,2658
MFGE8,0.07387055,2659
S100B,0.07359856,2660
MLC1,0.07121379,2661
ERO1B,0.07093957,2662
NEFH,0.069947384,2663
KCNQ5,0.0674534,2664
C1QA,0.06741935,2665
IL24,0.06520879,2666
LHFPL1,0.06471937,2667
P2RY8,0.06007709,2668
FBLN5,0.049989894,2669
IZUMO4,0.049687497,2670
SOX7,0.04728459,2671
ZBTB20-AS1,0.046649985,2672
PTPN4,0.03819416,2673
ZNF737,0.0374839,2674
HAUS3,0.036981247,2675
IL12RB2,0.03600831,2676
LINC00243,0.03576436,2677
SASH3,0.034384508,2678
GTSF1,0.027914463,2679
TNR,0.027671002,2680
IGKV2-30,0.026469199,2681
C21orf62,0.026040943,2682
H4C5,0.022315513,2683
BEX1,0.02080617,2684
NCR2,0.0187067,2685
FAM181B,0.01660119,2686
SLC26A3,0.014734886,2687
SP4,0.012856033,2688
IGLV1-47,0.012209874,2689
GOLGA8B,0.011993667,2690
RHD,0.011469162,2691
KLF12,0.010739579,2692
SNAI3,0.009809468,2693
CMA1,0.008748996,2694
PSMD6-AS2,0.008148468,2695
CYBRD1,0.0066427984,2696
PIK3CG,0.0026954021,2697
ST3GAL1,0.002111751,2698
CRYAB,0.0,2699
CTLA4,0.0,2700
PPM1K,0.0,2701
PPP1R18,0.0,2702
PREX1,0.0,2703
PRIMA1,0.0,2704
FKBP5,0.0,2705
CRLF2,0.0,2706
MAP3K15,0.0,2707
MARCHF10,0.0,2708
AP3M2,0.0,2709
AP4B1-AS1,0.0,2710
TRBV3-1,0.0,2711
TRGV8,0.0,2712
PRMT5-AS1,0.0,2713
GLCCI1,0.0,2714
GLIPR1,0.0,2715
GLUL,0.0,2716
CEND1,0.0,2717
RRAD,0.0,2718
UBASH3B,0.0,2719
VAV3-AS1,0.0,2720
APOL3,0.0,2721
CD300A,0.0,2722
GPR68,0.0,2723
SEMA4D,0.0,2724
CA5B,0.0,2725
ITPRID1,0.0,2726
SLITRK2,0.0,2727
CALD1,0.0,2728
SNX10,0.0,2729
LAG3,0.0,2730
ARHGAP11B,0.0,2731
MCEMP1,0.0,2732
SELENOM,0.0,2733
SLC5A11,0.0,2734
TCHH,0.0,2735
TCL1B,0.0,2736
H2AB1,0.0,2737
RASGEF1B,0.0,2738
RASGEF1C,0.0,2739
KLHL6,0.0,2740
HCK,0.0,2741
TRPC3,0.0,2742
MAB21L1,0.0,2743
FCRLA,0.0,2744
FDXACB1,0.0,2745
IL21,0.0,2746
HPCAL4,0.0,2747
NCR1,0.0,2748
TRBV28,0.0,2749
ARRDC3-AS1,0.0,2750
CSGALNACT2,0.0,2751
ARHGAP24,0.0,2752
TRIM61,0.0,2753
F2RL3,0.0,2754
TSPYL4,0.0,2755
IL16,0.0,2756
IL18RAP,0.0,2757
IL1A,0.0,2758
IL1RAPL1,0.0,2759
SYT2,0.0,2760
LINC00484,0.0,2761
LINC00520,0.0,2762
FEV,0.0,2763
FCGR2B,0.0,2764
FCHSD1,0.0,2765
STMN2,0.0,2766
SYCP2,0.0,2767
SYT10,0.0,2768
TSGA13,0.0,2769
MIR9-3HG,0.0,2770
ACER1,0.0,2771
ADHFE1,0.0,2772
ABCG1,0.0,2773
IGHV3-21,0.0,2774
IGHV3-48,0.0,2775
CD72,0.0,2776
ZFYVE28,0.0,2777
DOCK11,0.0,2778
C7orf57,0.0,2779
ADAMTS18,0.0,2780
IGFLR1,0.0,2781
IER2,0.0,2782
MRC1,0.0,2783
IGKV2-29,0.0,2784
ZNF169,0.0,2785
MGAT5B,0.0,2786
FFAR3,0.0,2787
KYNU,0.0,2788
NFATC1,0.0,2789
C4B,0.0,2790
OSM,0.0,2791
MS4A6A,0.0,2792
RNASE6,0.0,2793
SLC6A19,0.0,2794
SLCO2A1,0.0,2795
ADGRE2,0.0,2796
ACKR3,0.0,2797
MIR7-3HG,0.0,2798
ADAM23,0.0,2799
ABL2,0.0,2800
GRIN3B,0.0,2801
FMNL1,0.0,2802
ADCY7,0.0,2803
ZNF726,0.0,2804
FGD2,0.0,2805
FGF22,0.0,2806
FGR,0.0,2807
ADAM20,0.0,2808
ADRB2,0.0,2809
AEBP1,0.0,2810
AFF3,0.0,2811
LTA,0.0,2812
RBM5-AS1,0.0,2813
RBP5,0.0,2814
C22orf34,0.0,2815
NLGN4X,0.0,2816
CST3,0.0,2817
NNMT,0.0,2818
MEF2C,0.0,2819
MGAT4C,0.0,2820
SOX18,0.0,2821
DZIP3,0.0,2822
P2RX7,0.0,2823
DNAJB4,0.0,2824
NCDN,0.0,2825
SERPINA5,0.0,2826
NLRC3,0.0,2827
HTR3C,0.0,2828
IAPP,0.0,2829
ANGPTL4,0.0,2830
PCDHB6,0.0,2831
PCDHGA7,0.0,2832
PCOLCE,0.0,2833
PDE7B,0.0,2834
VIP,0.0,2835
VSIG4,0.0,2836
LINGO3,0.0,2837
CCN5,0.0,2838
EPAS1,0.0,2839
C1QB,0.0,2840
C1R,0.0,2841
SPN,0.0,2842
CLNK,0.0,2843
RELN,0.0,2844
CLC,0.0,2845
CLDN11,0.0,2846
WDFY2,0.0,2847
PGAP1,0.0,2848
NCALD,0.0,2849
NCAM1,0.0,2850
ECEL1,0.0,2851
EGFL7,0.0,2852
DDX25,0.0,2853
COL28A1,0.0,2854
BLK,0.0,2855
CD22,0.0,2856
MYOC,0.0,2857
MYOM1,0.0,2858
MZB1,0.0,2859
NAALADL1,0.0,2860
NAPSA,0.0,2861
CMTM3,0.0,2862
H2AC15,0.0,2863
C12orf42,0.0,2864
C15orf48,0.0,2865
BRINP2,0.0,2866
C10orf67,0.0,2867
C10orf90,0.0,2868
PCAT18,0.0,2869
PCDH10,0.0,2870
CCL1,0.0,2871
SH2D6,0.0,2872
OLAH,0.0,2873
AVP,0.0,2874
LUM,0.0,2875
KCNH1,0.0,2876
PRSS40A,0.0,2877
JADE2,0.0,2878
JAKMIP1,0.0,2879
JAKMIP2,0.0,2880
TMEM155,0.0,2881
NRIP2,0.0,2882
FSD1,0.0,2883
FYB1,0.0,2884
KCNA3,0.0,2885
CD83,0.0,2886
AARD,0.0,2887
ZNF549,0.0,2888
CYP3A43,0.0,2889
CXCL14,0.0,2890
CXCR1,0.0,2891
ZNF701,0.0,2892
ZNF699,0.0,2893
TAS2R31,0.0,2894
IFFO1,0.0,2895
GPR155,0.0,2896
IGLV10-54,0.0,2897
LINC00664,0.0,2898
LINC00642,0.0,2899
PLEKHO1,0.0,2900
MKRN3,0.0,2901
AIPL1,0.0,2902
AK5,0.0,2903
PECAM1,0.0,2904
SLC15A3,0.0,2905
LINC01588,0.0,2906
CEACAM21,0.0,2907
SIRPG,0.0,2908
SIT1,0.0,2909
FAM66B,0.0,2910
THSD7A,0.0,2911
BCAT1,0.0,2912
CD80,0.0,2913
LHX1,0.0,2914
CCDC38,0.0,2915
SH2D7,0.0,2916
PIK3R5,0.0,2917
NEMP2,0.0,2918
ZNF492,0.0,2919
ZNF410,0.0,2920
LRCOL1,0.0,2921
CXCR3,0.0,2922
BCL11B,0.0,2923
CCR8,0.0,2924
PBX4,0.0,2925
RIPOR2,0.0,2926
TRAT1,0.0,2927
TRAV13-1,0.0,2928
CP,0.0,2929
NCKAP1L,0.0,2930
CAVIN1,0.0,2931
TEPP,0.0,2932
CD226,0.0,2933
SERPINB9,0.0,2934
SESN3,0.0,2935
SFI1,0.0,2936
CCR1,0.0,2937
DOCK2,0.0,2938
DPPA4,0.0,2939
LCMT1-AS2,0.0,2940
GPR15,0.0,2941
PVALB,0.0,2942
F2RL2,0.0,2943
H4C2,0.0,2944
CD207,0.0,2945
ZEB2,0.0,2946
LINC01281,0.0,2947
CDH19,0.0,2948
GRIN2A,0.0,2949
MT1F,0.0,2950
STAB2,0.0,2951
CACNA1C-AS2,0.0,2952
KIRREL3,0.0,2953
HAND2-AS1,0.0,2954
HBA1,0.0,2955
COL4A6,0.0,2956
RAB33A,0.0,2957
GCSAML,0.0,2958
LRRTM1,0.0,2959
LST1,0.0,2960
MYH11,0.0,2961
TNFAIP3,0.0,2962
TNFAIP8,0.0,2963
TNFRSF9,0.0,2964
ASPA,0.0,2965
ATP10D,0.0,2966
TNIP3,0.0,2967
ELMO1,0.0,2968
TFPI,0.0,2969
SP140,0.0,2970
GHRL,0.0,2971
GIMAP4,0.0,2972
FAM167B,0.0,2973
TBC1D19,0.0,2974
TBC1D4,0.0,2975
TBX2-AS1,0.0,2976
GPM6B,0.0,2977
LGI1,0.0,2978
LHFPL6,0.0,2979
SIAH3,0.0,2980
SPAG6,0.0,2981
SPAG8,0.0,2982
GREM1,0.0,2983
FAM74A6,0.0,2984
FANK1,0.0,2985
TRAV14DV4,0.0,2986
TRAV2,0.0,2987
TRAV23DV6,0.0,2988
TRAV5,0.0,2989
TNC,0.0,2990
CRABP2,0.0,2991
COL5A3,0.0,2992
COL7A1,0.0,2993
COL8A1,0.0,2994
PTPN22,0.0,2995
ITIH4,0.0,2996
LUADT1,0.0,2997
ITGA2B,0.0,2998
H3C2,0.0,2999
H4C8,0.0,3000
